date,amount,merchant,description
2025-05-06,120.22,Target,Clothing and accessories
2025-06-22,282.28,Shell,Gas for car
2025-07-25,148.14,Apple,MacBook purchase for work
2025-02-10,679.93,Uber,Ride to office
2024-08-10,96.07,Amazon,Books and home items
2025-07-01,41.46,Walmart,Groceries and household supplies
2025-01-18,226.45,Uber,Ride to office
2025-04-21,606.0,Amazon,Books and home items
2025-03-29,206.85,Amazon,Books and home items
2024-10-17,704.31,Target,Clothing and accessories
2025-05-11,228.24,Walmart,Groceries and household supplies
2025-05-07,285.41,Netflix,Streaming subscription
2025-02-20,16.43,Southwest Airlines,Flight for vacation
2024-10-17,168.06,Best Buy,TV and electronics
2025-05-13,346.85,Walmart,Groceries and household supplies
2025-03-17,223.16,WeWork,Coworking space rental
2024-10-16,343.23,Best Buy,TV and electronics
2025-04-22,386.13,Uber,Ride to office
2025-03-21,849.02,Coursera,Online business course
2024-12-05,271.88,Netflix,Streaming subscription
2025-04-05,732.43,Delta Airlines,Flight to business conference
2024-12-08,133.58,Amazon,Books and home items
2024-09-10,88.01,Walmart,Groceries and household supplies
2025-02-11,831.11,Staples,Office supplies
2025-04-02,886.6,Netflix,Streaming subscription
2025-07-03,581.58,Coursera,Online business course
2024-12-28,78.86,Shell,Gas for car
2025-07-13,235.62,Target,Clothing and accessories
2025-01-04,985.37,Staples,Office supplies
2025-01-28,240.46,Southwest Airlines,Flight for vacation
2024-08-18,386.32,Uber,Ride to office
2025-06-22,639.33,Spotify,Monthly subscription
2025-06-01,171.03,Coursera,Online business course
2024-10-14,217.41,Coursera,Online business course
2025-04-10,704.8,Staples,Office supplies
2025-07-21,651.56,Target,Clothing and accessories
2024-09-19,638.63,Netflix,Streaming subscription
2025-05-15,731.84,Amazon,Books and home items
2025-06-21,467.64,WeWork,Coworking space rental
2024-08-06,989.63,Staples,Office supplies
2024-10-11,691.28,Target,Clothing and accessories
2024-10-01,687.77,Apple,MacBook purchase for work
2025-05-11,770.63,Southwest Airlines,Flight for vacation
2024-08-11,236.76,Delta Airlines,Flight to business conference
2025-02-02,807.0,Delta Airlines,Flight to business conference
2024-11-15,275.06,Walmart,Groceries and household supplies
2025-06-25,914.0,Apple,MacBook purchase for work
2024-09-11,877.6,Netflix,Streaming subscription
2024-12-08,220.5,Coursera,Online business course
2024-11-17,401.68,Spotify,Monthly subscription
2025-06-20,464.26,Target,Clothing and accessories
2025-07-15,148.23,Staples,Office supplies
2024-10-07,565.75,Shell,Gas for car
2024-10-25,749.54,Staples,Office supplies
2025-07-08,898.84,Walmart,Groceries and household supplies
2024-08-11,368.38,Walmart,Groceries and household supplies
2025-04-07,514.43,WeWork,Coworking space rental
2024-12-30,758.22,Uber,Ride to office
2024-10-03,118.55,Southwest Airlines,Flight for vacation
2025-05-15,168.38,Target,Clothing and accessories
2024-10-16,427.94,Target,Clothing and accessories
2025-03-18,390.92,Uber,Ride to office
2025-02-01,996.16,Netflix,Streaming subscription
2024-08-18,258.9,Amazon,Books and home items
2025-06-07,862.17,Amazon,Books and home items
2024-11-11,683.48,Delta Airlines,Flight to business conference
2025-03-26,684.89,Uber,Ride to office
2025-02-02,753.37,Amazon,Books and home items
2024-10-26,644.55,Best Buy,TV and electronics
2025-04-14,300.57,Uber,Ride to office
2024-10-10,459.19,WeWork,Coworking space rental
2024-10-11,877.09,Shell,Gas for car
2025-07-27,972.17,Staples,Office supplies
2025-02-26,186.87,Best Buy,TV and electronics
2024-09-11,871.81,Uber,Ride to office
2025-06-20,843.25,Staples,Office supplies
2024-08-23,612.88,Amazon,Books and home items
2025-02-15,380.17,WeWork,Coworking space rental
2024-12-20,543.99,WeWork,Coworking space rental
2025-01-28,923.21,Best Buy,TV and electronics
2025-01-25,602.96,Delta Airlines,Flight to business conference
2025-03-12,29.28,Spotify,Monthly subscription
2024-08-04,879.93,Coursera,Online business course
2025-07-15,808.71,Southwest Airlines,Flight for vacation
2024-07-29,67.35,Apple,MacBook purchase for work
2024-12-06,947.48,Netflix,Streaming subscription
2025-01-03,734.59,Uber,Ride to office
2025-06-24,78.52,Southwest Airlines,Flight for vacation
2024-10-07,537.38,Best Buy,TV and electronics
2025-06-10,137.11,WeWork,Coworking space rental
2025-01-08,947.38,Spotify,Monthly subscription
2024-08-22,272.41,WeWork,Coworking space rental
2025-07-09,610.53,Southwest Airlines,Flight for vacation
2025-03-14,929.62,Apple,MacBook purchase for work
2025-04-28,732.63,Best Buy,TV and electronics
2024-12-12,715.82,Apple,MacBook purchase for work
2025-03-18,995.2,Walmart,Groceries and household supplies
2025-03-30,379.69,Target,Clothing and accessories
2025-06-23,456.97,Amazon,Books and home items
2025-06-03,232.45,Apple,MacBook purchase for work
2025-05-15,30.82,Coursera,Online business course
2025-05-28,237.81,Amazon,Books and home items
2024-12-28,17.12,Apple,MacBook purchase for work
2025-01-19,634.79,Shell,Gas for car
2025-03-13,76.73,Apple,MacBook purchase for work
2024-09-24,861.04,Delta Airlines,Flight to business conference
2025-07-10,519.01,Uber,Ride to office
2025-02-22,672.29,Staples,Office supplies
2025-04-26,543.84,Apple,MacBook purchase for work
2025-06-08,936.16,Shell,Gas for car
2025-03-30,580.45,Netflix,Streaming subscription
2025-01-02,786.77,Apple,MacBook purchase for work
2024-08-22,412.99,Best Buy,TV and electronics
2024-09-23,105.96,Uber,Ride to office
2025-02-04,360.75,Walmart,Groceries and household supplies
2025-04-19,472.35,Walmart,Groceries and household supplies
2024-08-12,63.63,Shell,Gas for car
2025-01-11,984.32,Target,Clothing and accessories
2024-11-06,70.01,Uber,Ride to office
2025-05-10,345.91,Shell,Gas for car
2024-12-07,118.18,Southwest Airlines,Flight for vacation
2024-08-07,198.31,Apple,MacBook purchase for work
2025-01-03,148.78,Spotify,Monthly subscription
2025-05-14,285.76,WeWork,Coworking space rental
2024-10-16,875.74,Apple,MacBook purchase for work
2024-08-05,448.7,Uber,Ride to office
2025-03-20,857.41,Southwest Airlines,Flight for vacation
2025-02-03,60.08,Uber,Ride to office
2024-12-10,837.67,Amazon,Books and home items
2025-06-21,927.1,Uber,Ride to office
2024-09-19,244.02,Southwest Airlines,Flight for vacation
2025-06-19,490.78,Walmart,Groceries and household supplies
2025-04-27,866.0,Apple,MacBook purchase for work
2024-10-01,172.99,Delta Airlines,Flight to business conference
2025-01-02,985.46,Delta Airlines,Flight to business conference
2025-01-20,927.25,Staples,Office supplies
2025-01-15,460.46,Best Buy,TV and electronics
2025-03-04,699.63,Walmart,Groceries and household supplies
2025-04-26,995.47,Shell,Gas for car
2024-10-03,665.25,Amazon,Books and home items
2024-12-28,163.25,Spotify,Monthly subscription
2025-05-03,225.52,Staples,Office supplies
2024-09-02,583.39,Delta Airlines,Flight to business conference
2024-12-15,70.35,Amazon,Books and home items
2024-09-04,66.59,Coursera,Online business course
2024-11-28,482.02,Netflix,Streaming subscription
2024-10-09,535.81,Southwest Airlines,Flight for vacation
2025-07-24,961.17,Delta Airlines,Flight to business conference
2025-03-06,852.83,Uber,Ride to office
2025-02-18,599.08,Uber,Ride to office
2025-01-20,863.2,Target,Clothing and accessories
2025-01-27,128.69,Walmart,Groceries and household supplies
2024-10-25,253.75,Netflix,Streaming subscription
2025-02-12,49.34,Netflix,Streaming subscription
2025-02-18,425.03,Uber,Ride to office
2025-07-02,569.57,Netflix,Streaming subscription
2024-11-16,935.36,Coursera,Online business course
2024-12-05,673.03,Apple,MacBook purchase for work
2025-04-18,246.3,Coursera,Online business course
2024-12-02,139.57,Walmart,Groceries and household supplies
2024-09-03,307.0,Target,Clothing and accessories
2025-01-18,929.73,Coursera,Online business course
2025-07-09,19.22,Uber,Ride to office
2024-08-15,998.47,Netflix,Streaming subscription
2025-02-05,82.53,Uber,Ride to office
2025-04-19,510.83,Apple,MacBook purchase for work
2025-04-07,933.93,WeWork,Coworking space rental
2024-11-04,880.48,Uber,Ride to office
2025-03-05,292.14,Coursera,Online business course
2025-01-14,835.41,Spotify,Monthly subscription
2024-11-11,309.49,Shell,Gas for car
2025-02-04,657.44,Best Buy,TV and electronics
2025-06-19,671.18,Delta Airlines,Flight to business conference
2025-06-11,306.38,Amazon,Books and home items
2025-07-04,112.55,Target,Clothing and accessories
2025-03-18,271.82,WeWork,Coworking space rental
2025-03-02,744.99,Uber,Ride to office
2025-01-23,279.62,WeWork,Coworking space rental
2025-04-19,218.52,Netflix,Streaming subscription
2025-07-14,211.56,Coursera,Online business course
2025-07-02,854.38,Target,Clothing and accessories
2024-10-16,493.65,Amazon,Books and home items
2025-02-15,60.29,Southwest Airlines,Flight for vacation
2025-07-14,429.34,Target,Clothing and accessories
2025-05-27,53.65,Staples,Office supplies
2025-07-18,773.41,Coursera,Online business course
2024-08-15,980.0,Target,Clothing and accessories
2024-12-01,743.82,WeWork,Coworking space rental
2024-08-16,708.61,Amazon,Books and home items
2025-02-21,19.57,Amazon,Books and home items
2024-08-18,945.6,Uber,Ride to office
2025-01-04,904.89,Shell,Gas for car
2024-12-24,45.67,Amazon,Books and home items
2025-03-25,586.68,Coursera,Online business course
2024-12-25,435.49,WeWork,Coworking space rental
2024-12-29,315.18,Delta Airlines,Flight to business conference
2025-04-08,972.47,Best Buy,TV and electronics
2024-07-31,899.94,Delta Airlines,Flight to business conference
2025-02-26,685.25,Apple,MacBook purchase for work
2025-06-15,111.77,Target,Clothing and accessories
2025-05-19,564.28,Best Buy,TV and electronics
2025-05-28,412.31,Southwest Airlines,Flight for vacation
2025-04-21,751.98,Netflix,Streaming subscription
2025-05-23,865.96,Apple,MacBook purchase for work
2025-03-01,812.66,Best Buy,TV and electronics
2024-08-27,34.54,Walmart,Groceries and household supplies
2024-12-17,925.24,Shell,Gas for car
2024-12-13,931.51,Best Buy,TV and electronics
2025-02-15,673.21,Best Buy,TV and electronics
2025-06-13,812.64,Shell,Gas for car
2024-11-15,167.61,Staples,Office supplies
2024-11-04,117.01,Shell,Gas for car
2024-10-06,48.34,Southwest Airlines,Flight for vacation
2025-01-05,230.21,Spotify,Monthly subscription
2024-12-24,919.27,Southwest Airlines,Flight for vacation
2025-02-12,312.14,Coursera,Online business course
2024-08-10,872.61,Best Buy,TV and electronics
2025-06-26,33.43,Apple,MacBook purchase for work
2024-09-26,404.48,Apple,MacBook purchase for work
2024-11-03,865.71,Staples,Office supplies
2024-10-12,286.33,Best Buy,TV and electronics
2025-02-27,514.31,Target,Clothing and accessories
2025-01-09,981.34,Target,Clothing and accessories
2024-11-06,337.84,Amazon,Books and home items
2025-03-24,124.19,Delta Airlines,Flight to business conference
2025-02-25,186.78,Staples,Office supplies
2024-11-13,47.87,Staples,Office supplies
2025-04-16,440.22,Netflix,Streaming subscription
2025-07-05,788.56,Shell,Gas for car
2025-03-20,610.15,Walmart,Groceries and household supplies
2025-04-10,124.49,Amazon,Books and home items
2025-02-22,198.18,Netflix,Streaming subscription
2025-05-22,711.7,Delta Airlines,Flight to business conference
2025-06-03,524.72,Delta Airlines,Flight to business conference
2025-05-09,543.07,Best Buy,TV and electronics
2024-12-04,940.86,Shell,Gas for car
2025-03-06,673.92,Shell,Gas for car
2024-09-14,436.98,Coursera,Online business course
2024-12-26,921.56,Target,Clothing and accessories
2024-10-05,320.78,Netflix,Streaming subscription
2024-10-24,133.38,Southwest Airlines,Flight for vacation
2025-02-11,512.05,Staples,Office supplies
2025-02-07,414.31,Target,Clothing and accessories
2024-11-12,700.24,Walmart,Groceries and household supplies
2024-10-28,136.01,Amazon,Books and home items
2024-09-16,668.28,Walmart,Groceries and household supplies
2025-07-06,680.54,Walmart,Groceries and household supplies
2024-12-30,619.36,WeWork,Coworking space rental
2025-02-13,412.01,Staples,Office supplies
2025-02-24,10.4,Southwest Airlines,Flight for vacation
2025-01-23,218.08,Staples,Office supplies
2024-09-18,584.18,Best Buy,TV and electronics
2024-11-17,329.03,Target,Clothing and accessories
2024-08-11,447.74,Spotify,Monthly subscription
2024-11-24,516.06,Apple,MacBook purchase for work
2024-11-11,902.17,Best Buy,TV and electronics
2025-06-21,738.6,Best Buy,TV and electronics
2024-08-17,93.95,Target,Clothing and accessories
2024-08-29,667.22,Amazon,Books and home items
2025-06-10,341.84,Netflix,Streaming subscription
2025-04-22,952.48,Southwest Airlines,Flight for vacation
2024-09-12,676.07,Apple,MacBook purchase for work
2025-04-15,808.5,Apple,MacBook purchase for work
2025-07-11,34.18,WeWork,Coworking space rental
2024-08-01,984.1,Apple,MacBook purchase for work
2025-06-30,851.24,Netflix,Streaming subscription
2024-09-01,460.86,Uber,Ride to office
2024-08-25,579.91,Target,Clothing and accessories
2024-12-15,699.39,Shell,Gas for car
2025-07-13,405.66,Spotify,Monthly subscription
2025-07-26,659.5,WeWork,Coworking space rental
2024-11-09,893.73,Delta Airlines,Flight to business conference
2024-08-08,772.35,Southwest Airlines,Flight for vacation
2025-03-23,780.64,Uber,Ride to office
2024-08-20,184.13,Apple,MacBook purchase for work
2025-01-17,522.78,Shell,Gas for car
2025-05-14,561.83,Delta Airlines,Flight to business conference
2025-02-03,130.15,Southwest Airlines,Flight for vacation
2025-07-26,803.4,WeWork,Coworking space rental
2024-09-22,535.82,Target,Clothing and accessories
2025-07-08,599.5,Amazon,Books and home items
2025-01-06,892.51,Best Buy,TV and electronics
2025-04-23,816.86,Netflix,Streaming subscription
2025-03-10,432.47,Amazon,Books and home items
2025-03-13,451.45,Amazon,Books and home items
2024-12-14,746.22,WeWork,Coworking space rental
2025-06-05,455.57,Spotify,Monthly subscription
2025-01-05,254.77,Best Buy,TV and electronics
2024-11-05,284.54,Target,Clothing and accessories
2025-06-25,526.09,Best Buy,TV and electronics
2024-12-10,246.85,Target,Clothing and accessories
2025-06-15,86.71,Spotify,Monthly subscription
2025-04-15,242.15,Staples,Office supplies
2024-12-20,326.51,Coursera,Online business course
2025-05-30,89.77,Amazon,Books and home items
2025-06-01,238.95,WeWork,Coworking space rental
2025-02-17,161.28,Shell,Gas for car
2025-02-28,73.59,Apple,MacBook purchase for work
2025-03-15,337.57,Walmart,Groceries and household supplies
2025-04-21,421.62,Spotify,Monthly subscription
2025-01-08,834.56,Apple,MacBook purchase for work
2025-07-05,905.79,Walmart,Groceries and household supplies
2024-12-16,946.6,Netflix,Streaming subscription
2024-11-23,858.16,Delta Airlines,Flight to business conference
2025-01-29,579.93,Best Buy,TV and electronics
2025-01-09,15.84,Spotify,Monthly subscription
2025-01-10,305.63,Coursera,Online business course
2024-12-26,854.91,Walmart,Groceries and household supplies
2024-09-07,424.83,Southwest Airlines,Flight for vacation
2024-12-21,737.29,Shell,Gas for car
2024-08-02,607.22,Best Buy,TV and electronics
2025-03-16,493.35,Apple,MacBook purchase for work
2024-12-07,441.48,Staples,Office supplies
2025-01-09,394.97,Delta Airlines,Flight to business conference
2024-10-14,682.35,Target,Clothing and accessories
2025-06-14,726.94,Walmart,Groceries and household supplies
2025-01-19,472.72,Southwest Airlines,Flight for vacation
2024-08-21,980.91,WeWork,Coworking space rental
2024-11-01,36.7,Amazon,Books and home items
2025-04-10,595.97,Walmart,Groceries and household supplies
2024-12-25,36.83,Target,Clothing and accessories
2024-11-17,434.33,Target,Clothing and accessories
2024-09-21,467.08,Southwest Airlines,Flight for vacation
2024-12-07,267.55,Delta Airlines,Flight to business conference
2025-01-14,219.54,Coursera,Online business course
2024-10-05,344.13,Coursera,Online business course
2025-04-09,285.47,Walmart,Groceries and household supplies
2025-02-27,427.35,Southwest Airlines,Flight for vacation
2025-07-01,91.09,Southwest Airlines,Flight for vacation
2024-08-25,751.53,Delta Airlines,Flight to business conference
2024-07-29,999.91,Delta Airlines,Flight to business conference
2025-05-20,231.98,Coursera,Online business course
2025-05-02,783.42,Uber,Ride to office
2024-12-28,49.86,Target,Clothing and accessories
2024-11-14,950.12,Delta Airlines,Flight to business conference
2024-08-19,840.84,Apple,MacBook purchase for work
2025-03-16,160.86,Netflix,Streaming subscription
2025-06-09,478.83,WeWork,Coworking space rental
2024-12-05,568.33,Uber,Ride to office
2025-05-09,470.38,Apple,MacBook purchase for work
2025-06-02,769.23,Staples,Office supplies
2025-05-01,609.83,WeWork,Coworking space rental
2024-11-04,721.17,Shell,Gas for car
2024-10-27,821.11,Best Buy,TV and electronics
2024-10-20,117.02,Staples,Office supplies
2025-03-17,929.6,Delta Airlines,Flight to business conference
2025-04-20,680.57,Netflix,Streaming subscription
2024-12-28,402.69,Walmart,Groceries and household supplies
2025-05-09,206.35,Shell,Gas for car
2025-01-20,693.71,Netflix,Streaming subscription
2025-07-02,250.42,Target,Clothing and accessories
2025-01-13,774.76,Shell,Gas for car
2024-08-31,687.42,Southwest Airlines,Flight for vacation
2025-03-28,129.84,Best Buy,TV and electronics
2025-06-11,784.81,Netflix,Streaming subscription
2024-12-03,537.42,Coursera,Online business course
2024-10-01,376.87,Target,Clothing and accessories
2025-05-27,651.07,Amazon,Books and home items
2025-07-19,851.08,Delta Airlines,Flight to business conference
2024-11-29,495.3,Southwest Airlines,Flight for vacation
2024-12-20,961.18,Walmart,Groceries and household supplies
2024-10-07,892.66,Target,Clothing and accessories
2025-06-04,710.24,Spotify,Monthly subscription
2025-01-31,184.38,Walmart,Groceries and household supplies
2025-04-28,965.82,Amazon,Books and home items
2025-07-13,619.75,Staples,Office supplies
2025-05-04,776.9,Amazon,Books and home items
2024-10-27,441.22,Spotify,Monthly subscription
2025-01-27,596.55,Shell,Gas for car
2025-01-28,853.2,Coursera,Online business course
2024-12-09,935.28,Southwest Airlines,Flight for vacation
2024-09-22,882.81,Staples,Office supplies
2024-09-29,752.97,Apple,MacBook purchase for work
2025-05-30,614.23,Netflix,Streaming subscription
2025-05-31,343.03,Walmart,Groceries and household supplies
2024-10-12,852.44,Spotify,Monthly subscription
2025-07-15,492.67,WeWork,Coworking space rental
2025-07-09,799.85,Coursera,Online business course
2025-06-20,286.86,Coursera,Online business course
2024-09-01,704.17,Netflix,Streaming subscription
2025-07-04,560.23,Staples,Office supplies
2025-02-09,948.58,Amazon,Books and home items
2024-11-12,248.94,Uber,Ride to office
2025-05-04,493.69,Walmart,Groceries and household supplies
2025-07-10,247.92,Best Buy,TV and electronics
2025-07-14,649.44,Spotify,Monthly subscription
2025-04-06,453.69,Spotify,Monthly subscription
2024-09-16,102.12,Delta Airlines,Flight to business conference
2024-09-06,410.36,Apple,MacBook purchase for work
2024-12-19,313.14,Apple,MacBook purchase for work
2025-06-23,375.33,Netflix,Streaming subscription
2025-06-10,535.61,Amazon,Books and home items
2024-09-06,996.67,Walmart,Groceries and household supplies
2024-08-20,337.48,Amazon,Books and home items
2025-05-04,459.21,Shell,Gas for car
2024-09-08,258.89,Staples,Office supplies
2024-11-18,724.07,Uber,Ride to office
2024-12-02,128.36,Coursera,Online business course
2024-07-31,951.37,Amazon,Books and home items
2025-03-23,193.3,Shell,Gas for car
2025-06-10,741.22,Apple,MacBook purchase for work
2025-04-24,727.34,Staples,Office supplies
2025-07-12,529.39,Best Buy,TV and electronics
2025-06-08,980.71,Staples,Office supplies
2025-07-06,202.18,Southwest Airlines,Flight for vacation
2024-10-13,367.27,Apple,MacBook purchase for work
2024-08-31,24.01,Staples,Office supplies
2025-05-13,135.32,Amazon,Books and home items
2024-11-11,974.55,Delta Airlines,Flight to business conference
2024-09-16,299.22,Amazon,Books and home items
2025-02-17,641.49,WeWork,Coworking space rental
2025-07-27,495.97,Best Buy,TV and electronics
2025-06-26,22.14,Southwest Airlines,Flight for vacation
2025-03-11,474.7,Staples,Office supplies
2024-12-14,347.3,Spotify,Monthly subscription
2024-10-13,259.95,Delta Airlines,Flight to business conference
2025-06-02,482.95,Southwest Airlines,Flight for vacation
2025-02-17,74.69,Southwest Airlines,Flight for vacation
2024-09-29,83.34,Spotify,Monthly subscription
2024-08-07,689.59,Target,Clothing and accessories
2024-08-16,157.71,WeWork,Coworking space rental
2024-10-28,949.63,Netflix,Streaming subscription
2025-04-02,993.98,Uber,Ride to office
2025-04-17,562.49,Uber,Ride to office
2025-03-04,610.25,Walmart,Groceries and household supplies
2024-12-06,622.23,Best Buy,TV and electronics
2024-08-03,527.35,Best Buy,TV and electronics
2024-10-09,909.42,Spotify,Monthly subscription
2025-02-09,861.56,Staples,Office supplies
2025-02-08,312.33,Walmart,Groceries and household supplies
2025-04-28,69.63,Netflix,Streaming subscription
2024-11-15,108.24,Shell,Gas for car
2025-06-13,215.71,Best Buy,TV and electronics
2024-10-08,272.0,Apple,MacBook purchase for work
2025-06-03,165.49,Uber,Ride to office
2025-07-28,556.47,WeWork,Coworking space rental
2025-04-26,12.65,WeWork,Coworking space rental
2024-08-26,692.48,Spotify,Monthly subscription
2025-02-13,298.35,Spotify,Monthly subscription
2025-01-18,295.22,Apple,MacBook purchase for work
2024-12-03,705.96,Staples,Office supplies
2025-03-20,80.47,Spotify,Monthly subscription
2024-09-29,924.67,Apple,MacBook purchase for work
2024-10-19,793.34,Best Buy,TV and electronics
2025-07-13,664.57,Netflix,Streaming subscription
2024-12-07,430.89,Apple,MacBook purchase for work
2025-06-16,232.56,Amazon,Books and home items
2024-08-13,909.33,WeWork,Coworking space rental
2025-04-13,150.81,Southwest Airlines,Flight for vacation
2025-02-17,174.26,Delta Airlines,Flight to business conference
2025-01-16,599.09,Staples,Office supplies
2024-09-22,573.51,Southwest Airlines,Flight for vacation
2024-11-09,444.76,Staples,Office supplies
2025-06-12,691.79,Spotify,Monthly subscription
2024-11-04,408.48,Shell,Gas for car
2024-08-13,505.47,Staples,Office supplies
2024-09-06,443.38,Spotify,Monthly subscription
2024-12-13,49.46,Netflix,Streaming subscription
2025-02-05,737.19,Walmart,Groceries and household supplies
2025-02-26,257.86,Netflix,Streaming subscription
2025-04-17,236.64,Uber,Ride to office
2024-11-14,837.6,Target,Clothing and accessories
2024-11-14,591.25,Netflix,Streaming subscription
2024-08-16,999.58,Delta Airlines,Flight to business conference
2025-03-11,823.21,Target,Clothing and accessories
2024-11-01,49.83,Netflix,Streaming subscription
2025-05-11,183.44,Best Buy,TV and electronics
2024-07-28,654.99,Amazon,Books and home items
2025-04-27,189.67,Staples,Office supplies
2024-11-21,441.53,Netflix,Streaming subscription
2025-05-20,496.81,Southwest Airlines,Flight for vacation
2025-05-12,475.31,Uber,Ride to office
2025-04-08,339.98,Walmart,Groceries and household supplies
2025-02-05,113.55,Target,Clothing and accessories
2025-05-29,336.51,WeWork,Coworking space rental
2025-02-16,500.51,Shell,Gas for car
2024-12-15,945.74,Target,Clothing and accessories
2025-01-26,762.89,Southwest Airlines,Flight for vacation
2024-11-14,460.28,Delta Airlines,Flight to business conference
2025-01-12,259.87,Coursera,Online business course
2025-06-05,970.48,Uber,Ride to office
2024-08-30,866.26,Walmart,Groceries and household supplies
2025-01-18,988.24,Southwest Airlines,Flight for vacation
2024-12-11,870.67,Target,Clothing and accessories
2025-06-05,419.12,Spotify,Monthly subscription
2024-10-04,523.25,Apple,MacBook purchase for work
2024-08-30,758.88,Netflix,Streaming subscription
2025-06-26,447.62,Target,Clothing and accessories
2024-12-10,211.52,Delta Airlines,Flight to business conference
2024-08-02,139.7,Amazon,Books and home items
2024-10-30,443.73,Staples,Office supplies
2025-03-06,489.86,Shell,Gas for car
2025-04-08,973.42,Delta Airlines,Flight to business conference
2025-07-11,801.32,Netflix,Streaming subscription
2025-02-28,166.79,Shell,Gas for car
2024-09-18,23.54,Amazon,Books and home items
2025-04-04,102.28,Walmart,Groceries and household supplies
2024-12-08,913.8,Southwest Airlines,Flight for vacation
2024-12-21,947.59,Spotify,Monthly subscription
2025-06-19,833.82,Target,Clothing and accessories
2025-07-28,933.33,Spotify,Monthly subscription
2024-11-29,513.78,Staples,Office supplies
2025-06-26,421.34,Staples,Office supplies
2024-10-02,980.44,Spotify,Monthly subscription
2024-11-22,462.22,Apple,MacBook purchase for work
2025-02-04,389.75,WeWork,Coworking space rental
2025-04-19,513.16,Netflix,Streaming subscription
2024-10-11,865.39,WeWork,Coworking space rental
2025-07-26,774.95,Staples,Office supplies
2024-10-14,420.79,Southwest Airlines,Flight for vacation
2024-09-14,512.66,Best Buy,TV and electronics
2024-10-24,12.54,Southwest Airlines,Flight for vacation
2024-09-11,305.57,Shell,Gas for car
2024-12-30,584.12,Netflix,Streaming subscription
2025-01-12,494.74,Target,Clothing and accessories
2025-06-02,452.08,WeWork,Coworking space rental
2025-07-21,351.67,Spotify,Monthly subscription
2024-08-02,765.24,Amazon,Books and home items
2025-05-19,460.79,Walmart,Groceries and household supplies
2025-03-04,870.91,Coursera,Online business course
2025-01-11,246.42,Shell,Gas for car
2025-02-19,241.23,Walmart,Groceries and household supplies
2025-03-22,416.67,Best Buy,TV and electronics
2024-11-06,747.26,Coursera,Online business course
2024-09-21,914.3,Shell,Gas for car
2025-03-30,392.22,Walmart,Groceries and household supplies
2025-02-28,794.47,Target,Clothing and accessories
2025-05-17,981.01,Target,Clothing and accessories
2025-03-06,965.18,Spotify,Monthly subscription
2025-06-27,507.27,WeWork,Coworking space rental
2025-02-22,338.67,Netflix,Streaming subscription
2024-11-27,875.45,Uber,Ride to office
2025-05-14,108.71,Spotify,Monthly subscription
2025-05-18,25.19,Spotify,Monthly subscription
2025-06-06,415.88,WeWork,Coworking space rental
2024-08-23,970.26,Target,Clothing and accessories
2025-06-27,474.8,Uber,Ride to office
2024-09-13,345.18,Staples,Office supplies
2025-04-26,403.51,Shell,Gas for car
2025-03-25,853.25,Uber,Ride to office
2025-07-22,677.61,Southwest Airlines,Flight for vacation
2025-07-16,386.21,Amazon,Books and home items
2024-08-01,630.53,Coursera,Online business course
2025-05-23,493.07,Best Buy,TV and electronics
2025-05-21,45.54,Amazon,Books and home items
2024-09-09,242.42,Uber,Ride to office
2024-12-15,921.72,Target,Clothing and accessories
2025-03-11,749.3,Apple,MacBook purchase for work
2024-08-16,978.55,Walmart,Groceries and household supplies
2024-11-04,637.41,Best Buy,TV and electronics
2024-12-13,109.5,Southwest Airlines,Flight for vacation
2025-06-02,697.06,WeWork,Coworking space rental
2024-12-21,55.53,Delta Airlines,Flight to business conference
2025-05-04,65.56,Best Buy,TV and electronics
2025-07-20,381.09,Coursera,Online business course
2025-03-19,251.76,WeWork,Coworking space rental
2024-11-02,570.27,Walmart,Groceries and household supplies
2024-08-02,188.26,Best Buy,TV and electronics
2024-10-14,88.18,WeWork,Coworking space rental
2025-06-24,388.72,Southwest Airlines,Flight for vacation
2025-03-06,248.42,Target,Clothing and accessories
2025-06-11,151.69,Netflix,Streaming subscription
2024-09-19,641.53,Spotify,Monthly subscription
2025-03-26,262.77,Spotify,Monthly subscription
2025-02-04,899.92,Delta Airlines,Flight to business conference
2024-12-27,902.2,Spotify,Monthly subscription
2025-05-17,551.13,Target,Clothing and accessories
2025-06-18,447.31,Uber,Ride to office
2025-02-11,987.78,Coursera,Online business course
2025-04-01,642.55,Staples,Office supplies
2025-04-01,693.41,Walmart,Groceries and household supplies
2024-09-13,846.85,Spotify,Monthly subscription
2024-12-19,999.38,Apple,MacBook purchase for work
2025-03-02,488.38,Southwest Airlines,Flight for vacation
2024-11-07,387.55,Apple,MacBook purchase for work
2025-07-03,579.06,Coursera,Online business course
2024-08-21,302.28,Shell,Gas for car
2025-01-05,661.65,Southwest Airlines,Flight for vacation
2024-12-10,18.02,Staples,Office supplies
2024-12-13,688.94,Southwest Airlines,Flight for vacation
2024-12-18,973.87,Shell,Gas for car
2025-06-29,747.72,Netflix,Streaming subscription
2025-05-27,905.11,Southwest Airlines,Flight for vacation
2025-02-15,777.98,Staples,Office supplies
2024-12-06,610.99,Apple,MacBook purchase for work
2025-01-14,226.81,Coursera,Online business course
2025-01-09,624.68,Apple,MacBook purchase for work
2024-11-19,758.02,Target,Clothing and accessories
2025-02-08,662.59,Best Buy,TV and electronics
2025-07-24,145.41,Southwest Airlines,Flight for vacation
2024-12-17,904.37,Uber,Ride to office
2025-07-17,49.03,Target,Clothing and accessories
2025-04-21,446.41,Best Buy,TV and electronics
2024-11-26,371.21,Netflix,Streaming subscription
2025-06-27,99.23,WeWork,Coworking space rental
2025-03-31,333.45,Staples,Office supplies
2025-02-14,183.88,Walmart,Groceries and household supplies
2024-12-15,788.65,WeWork,Coworking space rental
2024-11-29,535.54,Coursera,Online business course
2025-06-13,832.17,Staples,Office supplies
2024-11-12,914.91,Staples,Office supplies
2024-12-01,967.71,Spotify,Monthly subscription
2025-05-05,749.09,Staples,Office supplies
2025-07-03,806.19,Coursera,Online business course
2025-02-22,963.26,Spotify,Monthly subscription
2024-11-06,756.61,WeWork,Coworking space rental
2024-11-11,861.54,Apple,MacBook purchase for work
2024-11-07,677.66,Shell,Gas for car
2024-09-22,967.6,Walmart,Groceries and household supplies
2024-11-07,561.74,Best Buy,TV and electronics
2025-03-15,792.78,Uber,Ride to office
2025-06-29,271.81,Delta Airlines,Flight to business conference
2025-01-04,460.24,Uber,Ride to office
2024-12-28,751.52,Target,Clothing and accessories
2025-03-18,588.71,Staples,Office supplies
2025-07-02,642.16,Southwest Airlines,Flight for vacation
2025-04-01,117.26,Coursera,Online business course
2024-10-12,476.76,Apple,MacBook purchase for work
2025-01-19,885.39,Netflix,Streaming subscription
2025-02-12,334.73,Amazon,Books and home items
2025-03-06,229.15,Netflix,Streaming subscription
2025-03-03,639.05,Uber,Ride to office
2025-06-21,910.29,Spotify,Monthly subscription
2025-04-17,652.75,Staples,Office supplies
2025-05-27,148.38,Uber,Ride to office
2024-09-22,311.32,Delta Airlines,Flight to business conference
2024-09-01,124.96,Spotify,Monthly subscription
2024-12-09,888.39,Apple,MacBook purchase for work
2024-12-21,394.76,WeWork,Coworking space rental
2025-03-06,673.78,Coursera,Online business course
2024-08-09,699.52,Shell,Gas for car
2024-10-26,424.94,Amazon,Books and home items
2024-09-10,729.33,Shell,Gas for car
2025-07-03,658.37,Walmart,Groceries and household supplies
2024-12-01,494.45,Southwest Airlines,Flight for vacation
2025-04-23,939.66,Walmart,Groceries and household supplies
2025-01-11,42.39,Staples,Office supplies
2025-07-21,225.1,Coursera,Online business course
2025-04-28,951.05,Spotify,Monthly subscription
2024-10-18,369.06,Southwest Airlines,Flight for vacation
2025-03-06,373.66,Target,Clothing and accessories
2024-10-14,365.09,Target,Clothing and accessories
2025-04-18,283.12,Walmart,Groceries and household supplies
2025-05-25,949.52,Uber,Ride to office
2025-03-27,460.17,Southwest Airlines,Flight for vacation
2025-02-04,219.98,Target,Clothing and accessories
2024-10-06,601.17,Target,Clothing and accessories
2025-02-09,60.07,Delta Airlines,Flight to business conference
2025-01-22,251.13,Coursera,Online business course
2025-04-15,789.11,WeWork,Coworking space rental
2025-03-22,77.92,Apple,MacBook purchase for work
2024-10-21,558.67,Best Buy,TV and electronics
2025-06-17,223.79,Netflix,Streaming subscription
2025-07-20,240.67,Southwest Airlines,Flight for vacation
2025-01-05,156.08,Best Buy,TV and electronics
2024-09-14,12.81,Netflix,Streaming subscription
2025-04-03,984.19,Southwest Airlines,Flight for vacation
2025-03-31,544.81,WeWork,Coworking space rental
2025-06-05,182.75,Best Buy,TV and electronics
2024-09-30,867.78,Target,Clothing and accessories
2025-02-26,24.71,WeWork,Coworking space rental
2025-05-31,790.55,Best Buy,TV and electronics
2025-02-28,330.53,Netflix,Streaming subscription
2024-07-31,272.71,WeWork,Coworking space rental
2024-11-25,744.3,WeWork,Coworking space rental
2024-10-10,122.51,Amazon,Books and home items
2025-07-27,481.48,Uber,Ride to office
2025-06-21,368.42,Best Buy,TV and electronics
2025-06-25,117.96,Netflix,Streaming subscription
2025-05-08,229.33,Amazon,Books and home items
2024-10-03,52.93,Netflix,Streaming subscription
2025-04-30,909.66,Best Buy,TV and electronics
2024-12-07,526.24,Target,Clothing and accessories
2025-04-10,646.91,Spotify,Monthly subscription
2024-12-04,70.22,Delta Airlines,Flight to business conference
2024-09-23,848.83,Spotify,Monthly subscription
2025-05-18,689.24,Walmart,Groceries and household supplies
2024-12-20,715.28,Spotify,Monthly subscription
2025-03-18,82.76,Spotify,Monthly subscription
2025-07-27,328.89,Uber,Ride to office
2024-11-02,75.03,WeWork,Coworking space rental
2025-01-19,628.07,Staples,Office supplies
2025-02-18,552.87,Netflix,Streaming subscription
2025-03-29,387.1,Coursera,Online business course
2025-06-05,535.25,Netflix,Streaming subscription
2025-04-07,510.5,Spotify,Monthly subscription
2025-01-20,108.19,Walmart,Groceries and household supplies
2024-10-08,123.27,Shell,Gas for car
2025-02-01,654.41,Target,Clothing and accessories
2025-05-09,555.82,Best Buy,TV and electronics
2025-02-25,222.87,Southwest Airlines,Flight for vacation
2025-02-08,889.21,Spotify,Monthly subscription
2024-08-11,345.54,Walmart,Groceries and household supplies
2025-01-22,404.74,Spotify,Monthly subscription
2025-06-27,104.13,Shell,Gas for car
2024-11-17,319.4,Walmart,Groceries and household supplies
2025-06-13,380.56,Staples,Office supplies
2024-11-26,689.95,WeWork,Coworking space rental
2025-06-22,76.46,Spotify,Monthly subscription
2024-08-26,94.51,Southwest Airlines,Flight for vacation
2024-08-17,105.6,Walmart,Groceries and household supplies
2025-07-21,378.92,Shell,Gas for car
2025-05-14,560.81,WeWork,Coworking space rental
2025-07-06,957.06,Netflix,Streaming subscription
2025-04-26,336.35,Amazon,Books and home items
2025-03-27,416.7,Uber,Ride to office
2024-11-28,668.69,Southwest Airlines,Flight for vacation
2025-02-09,428.71,Best Buy,TV and electronics
2025-03-12,60.93,Shell,Gas for car
2025-05-23,604.41,Staples,Office supplies
2024-10-24,112.56,Coursera,Online business course
2025-05-24,220.61,Amazon,Books and home items
2025-05-20,487.37,Target,Clothing and accessories
2025-06-09,117.14,Southwest Airlines,Flight for vacation
2025-06-06,560.7,Southwest Airlines,Flight for vacation
2024-08-05,764.98,Uber,Ride to office
2024-12-09,233.9,Netflix,Streaming subscription
2025-02-22,846.7,Walmart,Groceries and household supplies
2025-04-22,820.24,Best Buy,TV and electronics
2025-02-18,678.23,Netflix,Streaming subscription
2025-03-21,35.99,Amazon,Books and home items
2025-03-02,831.17,Target,Clothing and accessories
2024-12-20,38.66,Staples,Office supplies
2024-12-02,705.67,Staples,Office supplies
2025-01-17,922.32,Staples,Office supplies
2025-06-07,16.04,Coursera,Online business course
2025-02-13,151.82,Southwest Airlines,Flight for vacation
2025-06-29,406.78,Target,Clothing and accessories
2025-05-25,743.56,WeWork,Coworking space rental
2025-04-07,100.84,Delta Airlines,Flight to business conference
2025-05-01,222.98,Amazon,Books and home items
2025-01-06,459.11,Walmart,Groceries and household supplies
2025-03-02,376.35,WeWork,Coworking space rental
2024-12-30,331.14,Shell,Gas for car
2024-09-17,600.26,Netflix,Streaming subscription
2024-08-11,164.02,Delta Airlines,Flight to business conference
2024-08-04,621.66,Best Buy,TV and electronics
2025-06-11,90.77,Target,Clothing and accessories
2024-08-24,665.32,Spotify,Monthly subscription
2024-08-23,611.01,Spotify,Monthly subscription
2024-08-02,280.44,Walmart,Groceries and household supplies
2024-10-21,517.22,Best Buy,TV and electronics
2025-02-19,435.61,Coursera,Online business course
2025-03-10,681.44,Staples,Office supplies
2025-03-09,491.77,Netflix,Streaming subscription
2025-02-06,315.34,Target,Clothing and accessories
2025-04-08,401.31,Apple,MacBook purchase for work
2024-08-03,64.23,Netflix,Streaming subscription
2025-07-19,308.41,Apple,MacBook purchase for work
2024-08-18,769.68,Apple,MacBook purchase for work
2025-06-23,262.96,Best Buy,TV and electronics
2025-04-21,128.78,Coursera,Online business course
2024-08-26,749.54,Spotify,Monthly subscription
2025-06-16,137.89,WeWork,Coworking space rental
2024-12-17,706.63,Amazon,Books and home items
2024-07-28,563.14,Amazon,Books and home items
2025-06-21,808.14,Target,Clothing and accessories
2025-04-23,403.1,Uber,Ride to office
2025-07-01,51.88,Shell,Gas for car
2024-09-15,465.16,Delta Airlines,Flight to business conference
2025-07-28,863.49,Uber,Ride to office
2024-12-09,434.99,Netflix,Streaming subscription
2024-09-13,712.4,Walmart,Groceries and household supplies
2025-07-02,296.62,Walmart,Groceries and household supplies
2024-10-21,30.65,Walmart,Groceries and household supplies
2024-11-28,180.15,Coursera,Online business course
2024-11-24,465.5,Netflix,Streaming subscription
2024-10-28,920.57,Shell,Gas for car
2024-09-14,442.34,Uber,Ride to office
2025-03-25,250.88,Uber,Ride to office
2024-10-21,406.45,Netflix,Streaming subscription
2025-04-14,401.81,Uber,Ride to office
2025-02-25,748.35,Staples,Office supplies
2024-09-12,339.74,Apple,MacBook purchase for work
2025-03-26,85.62,WeWork,Coworking space rental
2025-04-14,122.89,Target,Clothing and accessories
2025-05-24,201.96,Amazon,Books and home items
2025-07-03,355.88,Best Buy,TV and electronics
2025-01-18,958.64,Shell,Gas for car
2025-02-10,816.89,Target,Clothing and accessories
2025-05-08,111.78,Apple,MacBook purchase for work
2025-03-24,205.3,Staples,Office supplies
2024-08-01,161.34,Netflix,Streaming subscription
2025-02-22,658.95,Best Buy,TV and electronics
2025-04-19,951.78,WeWork,Coworking space rental
2025-01-18,499.18,Target,Clothing and accessories
2025-03-23,568.1,Best Buy,TV and electronics
2025-05-18,454.42,Netflix,Streaming subscription
2025-06-28,646.56,Netflix,Streaming subscription
2024-10-25,329.98,Netflix,Streaming subscription
2024-10-31,322.98,Target,Clothing and accessories
2024-10-14,77.6,Spotify,Monthly subscription
2025-05-29,635.07,Spotify,Monthly subscription
2024-08-19,281.93,Best Buy,TV and electronics
2024-11-27,358.42,Delta Airlines,Flight to business conference
2025-07-10,317.3,Uber,Ride to office
2024-08-19,47.23,Spotify,Monthly subscription
2025-03-10,833.38,Coursera,Online business course
2024-09-18,648.22,Uber,Ride to office
2024-12-02,99.39,Southwest Airlines,Flight for vacation
2025-07-27,512.0,Netflix,Streaming subscription
2024-12-03,584.53,Spotify,Monthly subscription
2025-06-01,741.53,Best Buy,TV and electronics
2025-06-21,455.24,Delta Airlines,Flight to business conference
2024-08-23,575.94,Best Buy,TV and electronics
2025-01-10,328.31,Apple,MacBook purchase for work
2025-06-03,506.35,Spotify,Monthly subscription
2025-05-07,456.02,Delta Airlines,Flight to business conference
2025-06-14,900.14,Best Buy,TV and electronics
2024-11-24,982.56,Coursera,Online business course
2024-10-07,509.5,Uber,Ride to office
2024-10-26,48.75,WeWork,Coworking space rental
2025-06-23,443.38,Shell,Gas for car
2024-12-29,528.83,Spotify,Monthly subscription
2025-04-28,167.16,Netflix,Streaming subscription
2024-10-26,918.76,Coursera,Online business course
2025-04-19,414.68,Walmart,Groceries and household supplies
2024-12-28,682.11,Coursera,Online business course
2024-10-04,791.33,Delta Airlines,Flight to business conference
2025-01-16,341.3,Target,Clothing and accessories
2025-01-20,103.56,Coursera,Online business course
2025-02-02,392.7,Target,Clothing and accessories
2024-09-04,726.5,Staples,Office supplies
2024-10-12,964.77,Target,Clothing and accessories
2024-08-16,874.55,Netflix,Streaming subscription
2025-02-06,90.69,Coursera,Online business course
2025-01-30,150.01,Target,Clothing and accessories
2024-09-29,317.13,Coursera,Online business course
2024-10-09,701.5,Target,Clothing and accessories
2024-08-10,137.66,Walmart,Groceries and household supplies
2025-05-02,938.62,Shell,Gas for car
2025-02-20,563.33,Staples,Office supplies
2025-03-04,793.75,Target,Clothing and accessories
2024-11-12,136.52,Southwest Airlines,Flight for vacation
2025-05-03,830.67,Shell,Gas for car
2025-07-14,997.19,Shell,Gas for car
2024-11-25,102.52,Amazon,Books and home items
2024-12-18,429.17,Target,Clothing and accessories
2025-04-05,28.05,Coursera,Online business course
2025-03-26,188.46,Staples,Office supplies
2025-07-11,348.32,Apple,MacBook purchase for work
2024-10-21,491.41,Best Buy,TV and electronics
2025-01-09,999.98,Apple,MacBook purchase for work
2025-05-09,86.39,WeWork,Coworking space rental
2025-06-06,790.24,Southwest Airlines,Flight for vacation
2025-03-24,773.17,Amazon,Books and home items
2024-11-28,741.26,Southwest Airlines,Flight for vacation
2024-09-08,47.37,Amazon,Books and home items
2024-08-19,877.63,Coursera,Online business course
2025-02-05,139.74,Netflix,Streaming subscription
2025-05-08,162.71,Walmart,Groceries and household supplies
2025-02-15,833.03,WeWork,Coworking space rental
2024-12-26,628.49,Best Buy,TV and electronics
2024-12-03,723.97,WeWork,Coworking space rental
2025-07-01,416.75,Delta Airlines,Flight to business conference
2025-03-20,722.39,Target,Clothing and accessories
2025-07-01,614.49,Spotify,Monthly subscription
2024-09-12,751.05,Best Buy,TV and electronics
2024-12-07,241.66,Spotify,Monthly subscription
2024-10-10,316.37,Apple,MacBook purchase for work
2025-06-19,786.53,Best Buy,TV and electronics
2025-03-29,202.08,Southwest Airlines,Flight for vacation
2024-08-20,947.66,Target,Clothing and accessories
2024-11-16,467.06,Spotify,Monthly subscription
2025-04-17,780.34,Staples,Office supplies
2025-01-18,532.19,Amazon,Books and home items
2024-09-04,818.72,WeWork,Coworking space rental
2025-02-17,608.62,Best Buy,TV and electronics
2025-04-16,257.5,Southwest Airlines,Flight for vacation
2025-04-28,485.78,Target,Clothing and accessories
2024-07-29,559.0,Coursera,Online business course
2025-03-24,714.29,Uber,Ride to office
2024-11-13,852.65,Amazon,Books and home items
2024-09-14,93.04,Staples,Office supplies
2024-10-01,280.06,WeWork,Coworking space rental
2025-01-31,155.88,Amazon,Books and home items
2024-10-31,100.8,Walmart,Groceries and household supplies
2025-01-21,818.54,Apple,MacBook purchase for work
2025-01-01,931.17,Coursera,Online business course
2025-03-07,62.72,Walmart,Groceries and household supplies
2024-08-17,380.22,Amazon,Books and home items
2024-09-16,994.58,Walmart,Groceries and household supplies
2024-10-13,232.29,Coursera,Online business course
2024-11-15,931.52,Coursera,Online business course
2024-10-24,717.56,Southwest Airlines,Flight for vacation
2024-08-19,793.47,Coursera,Online business course
2025-03-06,47.92,WeWork,Coworking space rental
2024-08-15,477.73,Southwest Airlines,Flight for vacation
2024-08-24,147.4,Southwest Airlines,Flight for vacation
2025-03-20,474.42,Shell,Gas for car
2025-05-31,15.2,Netflix,Streaming subscription
2024-08-10,28.81,Uber,Ride to office
2025-04-04,836.61,Apple,MacBook purchase for work
2024-10-12,940.82,Amazon,Books and home items
2024-09-04,532.49,Netflix,Streaming subscription
2024-12-31,778.41,Uber,Ride to office
2024-11-28,308.14,Apple,MacBook purchase for work
2024-11-04,246.06,Delta Airlines,Flight to business conference
2025-05-29,795.96,Target,Clothing and accessories
2024-12-22,72.18,Spotify,Monthly subscription
2024-08-25,906.1,Southwest Airlines,Flight for vacation
2024-10-11,540.69,Netflix,Streaming subscription
2025-05-29,520.22,Target,Clothing and accessories
2025-01-07,721.36,Apple,MacBook purchase for work
2024-08-28,434.95,Staples,Office supplies
2024-08-14,359.29,Netflix,Streaming subscription
2025-03-03,422.4,Netflix,Streaming subscription
2025-03-23,671.53,Target,Clothing and accessories
2025-03-01,974.91,Amazon,Books and home items
2025-03-18,953.87,Uber,Ride to office
2024-10-24,512.25,Amazon,Books and home items
2024-10-12,558.61,Amazon,Books and home items
2025-04-13,874.6,Walmart,Groceries and household supplies
2025-05-02,639.31,Delta Airlines,Flight to business conference
2025-01-15,261.11,Coursera,Online business course
2024-08-10,363.52,Delta Airlines,Flight to business conference
2024-11-24,351.35,Uber,Ride to office
2025-06-09,660.53,Shell,Gas for car
2025-07-10,773.79,Uber,Ride to office
2025-05-18,759.11,Shell,Gas for car
2024-08-25,53.89,WeWork,Coworking space rental
2024-08-23,345.16,Amazon,Books and home items
2025-01-18,183.34,Target,Clothing and accessories
2025-01-22,687.84,Best Buy,TV and electronics
2025-06-01,483.75,Shell,Gas for car
2024-12-06,813.38,WeWork,Coworking space rental
2025-05-29,718.88,Uber,Ride to office
2024-09-23,46.61,Spotify,Monthly subscription
2024-12-30,53.37,Apple,MacBook purchase for work
2024-10-07,886.93,Apple,MacBook purchase for work
2025-03-26,934.04,Coursera,Online business course
2024-07-29,404.24,Amazon,Books and home items
2025-04-04,547.6,Southwest Airlines,Flight for vacation
2025-01-19,46.25,Staples,Office supplies
2025-03-04,199.19,Target,Clothing and accessories
2024-08-29,863.52,Coursera,Online business course
2025-06-06,867.14,Delta Airlines,Flight to business conference
2025-02-02,280.48,Coursera,Online business course
2025-04-25,374.34,Best Buy,TV and electronics
2024-10-05,745.87,Walmart,Groceries and household supplies
2024-08-01,345.65,Walmart,Groceries and household supplies
2024-09-07,501.24,WeWork,Coworking space rental
2025-03-11,373.67,Spotify,Monthly subscription
2025-06-03,524.08,Best Buy,TV and electronics
2025-07-28,91.79,Best Buy,TV and electronics
2024-08-19,88.14,Walmart,Groceries and household supplies
2024-10-01,995.15,Netflix,Streaming subscription
2024-10-16,550.02,WeWork,Coworking space rental
2025-07-05,111.57,Coursera,Online business course
2024-11-03,664.31,Coursera,Online business course
2025-03-01,451.46,Staples,Office supplies
2024-08-14,431.85,Shell,Gas for car
2024-10-11,449.47,Shell,Gas for car
2024-08-18,51.93,Spotify,Monthly subscription
2025-07-07,912.49,Southwest Airlines,Flight for vacation
2025-02-22,998.17,Netflix,Streaming subscription
2024-10-10,643.07,Staples,Office supplies
2025-05-27,948.43,Best Buy,TV and electronics
2024-10-24,674.47,Uber,Ride to office
2024-11-06,369.68,Walmart,Groceries and household supplies
2025-03-28,752.4,Best Buy,TV and electronics
2025-03-08,953.26,WeWork,Coworking space rental
2025-05-17,850.18,WeWork,Coworking space rental
2025-05-01,783.5,Target,Clothing and accessories
2025-04-20,134.97,Delta Airlines,Flight to business conference
2025-04-07,780.73,Apple,MacBook purchase for work
2025-03-22,368.53,Coursera,Online business course
2024-12-27,42.06,Netflix,Streaming subscription
2025-04-07,682.27,WeWork,Coworking space rental
2025-06-05,378.29,Coursera,Online business course
2025-02-11,86.12,Best Buy,TV and electronics
2024-12-27,534.17,WeWork,Coworking space rental
2024-10-18,321.24,Walmart,Groceries and household supplies
2024-11-26,257.12,Staples,Office supplies
2025-04-12,35.65,Uber,Ride to office
2024-10-03,504.05,WeWork,Coworking space rental
2025-02-14,914.41,Walmart,Groceries and household supplies
2024-12-29,269.16,Uber,Ride to office
2025-06-10,707.0,Staples,Office supplies
2025-04-01,996.4,Apple,MacBook purchase for work
2025-04-12,697.04,Staples,Office supplies
2025-07-26,208.18,Spotify,Monthly subscription
2024-10-06,854.3,WeWork,Coworking space rental
2025-06-19,180.93,Spotify,Monthly subscription
2025-06-25,450.66,Shell,Gas for car
2025-06-14,812.41,Uber,Ride to office
2024-08-05,986.71,Southwest Airlines,Flight for vacation
2025-04-07,353.95,Target,Clothing and accessories
2024-10-11,554.5,Uber,Ride to office
2024-10-30,892.42,Staples,Office supplies
2024-12-07,165.93,Southwest Airlines,Flight for vacation
2024-11-03,928.05,Shell,Gas for car
2024-08-26,182.35,Target,Clothing and accessories
2025-03-11,513.67,Coursera,Online business course
2024-12-12,985.28,Uber,Ride to office
2024-10-28,147.49,Best Buy,TV and electronics
2025-01-13,499.08,Best Buy,TV and electronics
2025-02-15,558.48,Coursera,Online business course
2025-06-26,472.73,Coursera,Online business course
2025-01-30,138.47,Amazon,Books and home items
2025-03-11,75.09,Uber,Ride to office
2024-12-09,999.6,Walmart,Groceries and household supplies
2025-05-22,483.88,Shell,Gas for car
2024-09-08,771.47,Walmart,Groceries and household supplies
2024-08-09,579.15,Southwest Airlines,Flight for vacation
2024-11-08,972.66,WeWork,Coworking space rental
2025-04-11,83.42,Target,Clothing and accessories
2025-04-13,683.31,Spotify,Monthly subscription
2025-03-14,137.05,Coursera,Online business course
2025-06-24,782.46,Southwest Airlines,Flight for vacation
2025-02-06,591.91,Target,Clothing and accessories
2025-04-21,966.6,Best Buy,TV and electronics
2025-06-29,507.84,Walmart,Groceries and household supplies
2024-08-27,64.86,Southwest Airlines,Flight for vacation
2025-01-17,522.92,Uber,Ride to office
2024-09-09,173.01,Staples,Office supplies
2024-09-14,935.39,Coursera,Online business course
2024-09-06,352.56,Apple,MacBook purchase for work
2025-01-07,895.98,Amazon,Books and home items
2025-05-26,88.07,Southwest Airlines,Flight for vacation
2025-03-18,638.71,Apple,MacBook purchase for work
2025-01-15,281.71,Amazon,Books and home items
2025-02-18,309.8,Target,Clothing and accessories
2024-08-08,102.49,Amazon,Books and home items
2025-03-21,176.95,Target,Clothing and accessories
2025-07-12,162.65,Netflix,Streaming subscription
2025-03-15,628.23,Target,Clothing and accessories
2024-09-03,344.24,Netflix,Streaming subscription
2024-12-18,50.78,Netflix,Streaming subscription
2024-08-16,38.09,Southwest Airlines,Flight for vacation
2024-10-12,949.06,Delta Airlines,Flight to business conference
2025-01-14,581.0,Best Buy,TV and electronics
2025-01-10,218.7,Target,Clothing and accessories
2025-03-19,422.42,Netflix,Streaming subscription
2025-06-26,39.98,Target,Clothing and accessories
2025-04-06,550.12,Target,Clothing and accessories
2024-09-10,957.08,Target,Clothing and accessories
2025-03-21,252.43,Spotify,Monthly subscription
2024-09-29,688.14,Best Buy,TV and electronics
2025-05-05,459.01,Staples,Office supplies
2025-02-22,69.31,Shell,Gas for car
2024-11-07,421.47,Spotify,Monthly subscription
2025-01-28,211.98,Spotify,Monthly subscription
2024-10-01,152.23,Netflix,Streaming subscription
2024-11-24,721.18,Southwest Airlines,Flight for vacation
2025-05-24,988.14,Shell,Gas for car
2025-05-05,975.62,Coursera,Online business course
2025-05-21,763.06,WeWork,Coworking space rental
2024-11-22,566.03,Amazon,Books and home items
2025-07-14,249.32,Coursera,Online business course
2025-06-01,274.8,Uber,Ride to office
2025-07-04,149.47,Apple,MacBook purchase for work
2025-05-09,297.31,Delta Airlines,Flight to business conference
2025-05-28,865.52,Walmart,Groceries and household supplies
2025-06-20,255.79,Walmart,Groceries and household supplies
2025-05-25,903.29,Southwest Airlines,Flight for vacation
2025-02-15,334.16,Southwest Airlines,Flight for vacation
2025-06-02,723.92,Netflix,Streaming subscription
2024-09-06,765.49,Apple,MacBook purchase for work
2024-12-09,996.01,Spotify,Monthly subscription
2025-01-05,503.77,Spotify,Monthly subscription
2025-02-06,502.4,Staples,Office supplies
2025-02-10,945.78,Uber,Ride to office
2025-07-04,462.66,Amazon,Books and home items
2024-12-17,222.99,Apple,MacBook purchase for work
2025-04-28,58.17,Coursera,Online business course
2024-10-08,499.95,Staples,Office supplies
2025-01-18,657.72,Southwest Airlines,Flight for vacation
2025-04-23,292.89,Spotify,Monthly subscription
2025-06-13,848.7,Delta Airlines,Flight to business conference
2025-05-02,142.6,Walmart,Groceries and household supplies
2024-08-08,730.23,Staples,Office supplies
2024-10-30,409.22,Best Buy,TV and electronics
2025-03-20,406.58,Delta Airlines,Flight to business conference
2025-06-25,566.2,Netflix,Streaming subscription
2024-11-10,557.69,Coursera,Online business course
2025-03-08,392.49,Uber,Ride to office
2025-01-01,766.76,Spotify,Monthly subscription
2024-08-15,827.06,Staples,Office supplies
2024-07-31,683.59,Netflix,Streaming subscription
2025-06-05,137.38,Uber,Ride to office
2025-01-13,399.96,Uber,Ride to office
2025-06-19,986.92,Best Buy,TV and electronics
2025-03-30,939.56,Amazon,Books and home items
2024-12-29,152.82,Best Buy,TV and electronics
2025-06-11,514.03,Netflix,Streaming subscription
2025-03-09,49.85,Amazon,Books and home items
2025-05-18,145.67,Delta Airlines,Flight to business conference
2025-02-18,805.93,Coursera,Online business course
2025-04-08,462.42,Amazon,Books and home items
2024-10-01,894.2,Netflix,Streaming subscription
2024-12-28,334.69,WeWork,Coworking space rental
2024-11-30,325.34,Netflix,Streaming subscription
2024-08-11,990.71,Walmart,Groceries and household supplies
2025-01-12,844.18,Shell,Gas for car
2024-12-20,343.01,Netflix,Streaming subscription
2024-11-18,514.62,Southwest Airlines,Flight for vacation
2025-02-24,711.65,Spotify,Monthly subscription
2025-05-16,480.14,Staples,Office supplies
2024-08-11,374.67,Delta Airlines,Flight to business conference
2025-07-14,118.51,Target,Clothing and accessories
2025-04-28,587.87,Walmart,Groceries and household supplies
2024-10-12,899.78,Best Buy,TV and electronics
2024-12-03,691.16,Southwest Airlines,Flight for vacation
2025-06-26,600.94,Delta Airlines,Flight to business conference
2024-12-03,967.4,Staples,Office supplies
2025-07-08,972.34,Best Buy,TV and electronics
2025-07-06,581.86,Netflix,Streaming subscription
2024-12-20,60.84,Shell,Gas for car
2024-10-15,178.81,Spotify,Monthly subscription
2025-06-25,723.97,Target,Clothing and accessories
2024-11-16,842.76,Best Buy,TV and electronics
2025-06-04,823.44,WeWork,Coworking space rental
2024-12-31,41.25,Apple,MacBook purchase for work
2025-07-24,118.8,Shell,Gas for car
2025-06-13,446.63,Delta Airlines,Flight to business conference
2024-08-12,159.92,Walmart,Groceries and household supplies
2025-04-25,211.85,Shell,Gas for car
2025-04-17,777.22,Amazon,Books and home items
2025-05-22,874.09,Spotify,Monthly subscription
2024-08-02,730.13,Shell,Gas for car
2025-03-12,146.7,Shell,Gas for car
2025-06-15,565.28,Apple,MacBook purchase for work
2024-08-26,483.59,Target,Clothing and accessories
2024-11-21,320.62,Walmart,Groceries and household supplies
2024-10-19,465.07,WeWork,Coworking space rental
2025-06-03,348.9,Amazon,Books and home items
2025-02-05,679.11,Coursera,Online business course
2024-10-27,723.72,Southwest Airlines,Flight for vacation
2025-07-28,805.62,Target,Clothing and accessories
2025-05-28,613.98,Staples,Office supplies
2025-07-03,957.76,Apple,MacBook purchase for work
2025-03-01,562.51,Staples,Office supplies
2024-08-13,942.07,Apple,MacBook purchase for work
2025-03-12,773.46,Staples,Office supplies
2024-09-21,215.21,Shell,Gas for car
2025-04-06,494.11,Shell,Gas for car
2024-12-14,355.32,Spotify,Monthly subscription
2024-12-21,724.45,Best Buy,TV and electronics
2025-05-06,130.66,Staples,Office supplies
2024-10-08,547.76,Target,Clothing and accessories
2025-02-21,820.19,Walmart,Groceries and household supplies
2024-12-27,806.57,Best Buy,TV and electronics
2024-10-27,51.65,Staples,Office supplies
2024-09-16,88.24,Shell,Gas for car
2025-04-07,659.41,Spotify,Monthly subscription
2025-01-13,484.29,Shell,Gas for car
2025-06-02,829.67,Apple,MacBook purchase for work
2024-11-19,933.69,Staples,Office supplies
2024-10-20,278.91,Shell,Gas for car
2024-11-05,619.52,Uber,Ride to office
2025-04-23,246.89,Netflix,Streaming subscription
2024-12-27,673.14,Delta Airlines,Flight to business conference
2024-08-08,233.41,Amazon,Books and home items
2025-04-14,61.97,Apple,MacBook purchase for work
2025-03-20,336.99,Walmart,Groceries and household supplies
2025-03-01,109.54,Spotify,Monthly subscription
2025-06-16,146.09,Best Buy,TV and electronics
2024-12-25,978.13,Amazon,Books and home items
2025-01-18,412.84,WeWork,Coworking space rental
2024-09-10,482.67,Spotify,Monthly subscription
2024-10-10,758.35,Apple,MacBook purchase for work
2025-01-29,327.96,Staples,Office supplies
2025-03-31,68.57,Target,Clothing and accessories
2025-06-25,98.57,Best Buy,TV and electronics
2024-09-01,239.9,Netflix,Streaming subscription
2024-11-16,725.89,Shell,Gas for car
2024-09-08,914.1,Delta Airlines,Flight to business conference
2024-10-12,423.71,WeWork,Coworking space rental
2025-04-25,184.03,Southwest Airlines,Flight for vacation
2025-04-07,997.2,Delta Airlines,Flight to business conference
2025-02-26,790.08,Walmart,Groceries and household supplies
2024-08-15,937.24,WeWork,Coworking space rental
2025-03-18,926.78,Southwest Airlines,Flight for vacation
2024-10-05,19.17,Delta Airlines,Flight to business conference
2024-07-30,606.76,Netflix,Streaming subscription
2025-03-20,291.72,Coursera,Online business course
2025-05-04,547.87,Target,Clothing and accessories
2025-02-12,890.37,Spotify,Monthly subscription
2025-03-01,852.55,WeWork,Coworking space rental
2025-04-30,280.11,Spotify,Monthly subscription
2025-07-01,121.52,Best Buy,TV and electronics
2024-08-16,733.81,WeWork,Coworking space rental
2025-02-07,264.69,Target,Clothing and accessories
2024-11-10,23.94,WeWork,Coworking space rental
2024-11-19,792.86,Coursera,Online business course
2025-07-10,677.66,Netflix,Streaming subscription
2024-11-10,183.74,Apple,MacBook purchase for work
2024-09-27,642.34,Southwest Airlines,Flight for vacation
2025-04-25,828.72,Walmart,Groceries and household supplies
2025-01-06,334.65,Amazon,Books and home items
2024-09-23,672.56,Walmart,Groceries and household supplies
2025-06-19,981.87,WeWork,Coworking space rental
2025-04-06,330.37,Spotify,Monthly subscription
2025-03-26,16.76,Apple,MacBook purchase for work
2024-09-21,243.17,Walmart,Groceries and household supplies
2024-10-22,274.32,Best Buy,TV and electronics
2025-07-27,308.93,Coursera,Online business course
2025-04-14,577.15,Shell,Gas for car
2025-05-10,657.15,Staples,Office supplies
2024-07-30,243.94,Shell,Gas for car
2025-06-16,127.04,Target,Clothing and accessories
2024-12-01,168.12,Staples,Office supplies
2024-11-11,507.5,Target,Clothing and accessories
2025-01-22,772.14,Shell,Gas for car
2025-07-22,126.24,Shell,Gas for car
2025-02-03,373.87,Staples,Office supplies
2025-05-05,226.94,Apple,MacBook purchase for work
2024-09-20,483.4,WeWork,Coworking space rental
2025-06-29,750.26,Spotify,Monthly subscription
2024-08-28,379.89,Netflix,Streaming subscription
2024-09-13,553.74,Shell,Gas for car
2025-01-14,759.78,Spotify,Monthly subscription
2025-02-03,667.45,Best Buy,TV and electronics
2024-09-04,764.24,Apple,MacBook purchase for work
2024-11-27,757.19,Target,Clothing and accessories
2024-09-05,789.5,Southwest Airlines,Flight for vacation
2024-08-26,452.28,Amazon,Books and home items
2025-05-24,368.17,Shell,Gas for car
2025-03-09,121.09,Netflix,Streaming subscription
2024-10-17,552.17,Southwest Airlines,Flight for vacation
2025-01-19,210.14,Amazon,Books and home items
2025-04-08,158.35,Amazon,Books and home items
2025-01-19,855.94,Coursera,Online business course
2025-04-16,125.08,Spotify,Monthly subscription
2025-03-01,719.75,Apple,MacBook purchase for work
2025-04-05,100.03,Spotify,Monthly subscription
2024-08-02,451.03,Amazon,Books and home items
2025-03-30,458.9,Delta Airlines,Flight to business conference
2025-04-19,421.27,Amazon,Books and home items
2024-11-10,67.16,Netflix,Streaming subscription
2025-04-16,676.04,Spotify,Monthly subscription
2024-10-25,726.05,Staples,Office supplies
2024-08-18,261.91,Walmart,Groceries and household supplies
2024-11-07,748.35,Delta Airlines,Flight to business conference
2024-10-04,82.3,Netflix,Streaming subscription
2025-02-26,351.08,Walmart,Groceries and household supplies
2024-11-23,545.75,Uber,Ride to office
2024-09-23,935.24,Delta Airlines,Flight to business conference
2025-02-23,986.28,Uber,Ride to office
2025-06-22,41.42,Spotify,Monthly subscription
2024-10-04,188.18,Walmart,Groceries and household supplies
2024-09-04,768.17,WeWork,Coworking space rental
2025-06-02,649.42,Shell,Gas for car
2025-04-19,380.72,Walmart,Groceries and household supplies
2025-02-15,454.05,Walmart,Groceries and household supplies
2025-03-17,381.89,Walmart,Groceries and household supplies
2025-07-11,964.5,Target,Clothing and accessories
2024-11-20,543.91,Southwest Airlines,Flight for vacation
2024-10-16,861.68,Target,Clothing and accessories
2025-04-20,186.69,Uber,Ride to office
2024-10-29,399.13,Amazon,Books and home items
2025-04-09,730.58,WeWork,Coworking space rental
2025-04-25,836.47,Apple,MacBook purchase for work
2024-11-25,32.51,Best Buy,TV and electronics
2025-01-14,468.37,Staples,Office supplies
2025-05-31,549.0,Shell,Gas for car
2025-01-17,385.48,Amazon,Books and home items
2025-07-10,255.04,Apple,MacBook purchase for work
2024-08-30,163.57,Coursera,Online business course
2025-03-08,938.04,Apple,MacBook purchase for work
2025-06-15,767.84,Shell,Gas for car
2024-12-05,811.38,Delta Airlines,Flight to business conference
2024-09-30,618.77,Walmart,Groceries and household supplies
2025-02-03,248.26,Delta Airlines,Flight to business conference
2024-07-30,109.89,Uber,Ride to office
2024-11-06,451.98,Delta Airlines,Flight to business conference
2025-05-06,706.25,Target,Clothing and accessories
2025-02-19,252.29,Delta Airlines,Flight to business conference
2025-05-09,408.24,Delta Airlines,Flight to business conference
2024-09-12,544.36,Apple,MacBook purchase for work
2025-04-06,865.09,Best Buy,TV and electronics
2024-12-25,148.73,Delta Airlines,Flight to business conference
2025-03-07,241.82,Staples,Office supplies
2024-08-12,580.35,Shell,Gas for car
2024-09-24,601.94,Netflix,Streaming subscription
2025-01-31,820.2,Target,Clothing and accessories
2025-06-11,308.75,Apple,MacBook purchase for work
2024-08-29,985.84,WeWork,Coworking space rental
2024-12-04,228.83,Amazon,Books and home items
2025-06-20,282.4,Staples,Office supplies
2025-04-18,949.04,Amazon,Books and home items
2025-06-14,912.46,Shell,Gas for car
2024-12-01,681.96,Target,Clothing and accessories
2024-10-29,500.66,Amazon,Books and home items
2024-08-20,942.17,Coursera,Online business course
2025-05-09,387.34,Target,Clothing and accessories
2024-12-10,325.55,Amazon,Books and home items
2024-09-04,414.18,Walmart,Groceries and household supplies
2025-04-05,382.7,Staples,Office supplies
2025-02-15,542.55,Best Buy,TV and electronics
2025-02-26,850.85,Apple,MacBook purchase for work
2024-12-10,858.97,Staples,Office supplies
2025-05-02,807.72,WeWork,Coworking space rental
2024-10-18,566.76,Delta Airlines,Flight to business conference
2025-07-22,561.71,Walmart,Groceries and household supplies
2024-09-26,394.53,WeWork,Coworking space rental
2025-03-13,211.3,Staples,Office supplies
2025-05-19,88.28,Target,Clothing and accessories
2024-12-08,848.66,Spotify,Monthly subscription
2024-12-20,540.28,Uber,Ride to office
2024-08-21,198.58,Southwest Airlines,Flight for vacation
2024-10-21,383.4,Staples,Office supplies
2025-07-06,606.89,Netflix,Streaming subscription
2025-02-05,82.06,Southwest Airlines,Flight for vacation
2025-06-15,764.08,Best Buy,TV and electronics
2024-08-19,674.74,Shell,Gas for car
2024-09-14,484.6,Apple,MacBook purchase for work
2024-08-04,907.96,Southwest Airlines,Flight for vacation
2025-06-16,957.45,Staples,Office supplies
2025-07-18,219.69,Delta Airlines,Flight to business conference
2025-05-16,962.46,Apple,MacBook purchase for work
2024-12-17,749.41,Uber,Ride to office
2024-12-27,484.13,Best Buy,TV and electronics
2025-03-26,698.67,Apple,MacBook purchase for work
2025-06-13,212.47,Shell,Gas for car
2024-08-29,556.56,Apple,MacBook purchase for work
2024-08-09,290.23,Best Buy,TV and electronics
2024-10-03,538.31,Spotify,Monthly subscription
2025-05-25,315.34,Coursera,Online business course
2024-10-25,517.69,Coursera,Online business course
2025-07-26,471.34,Spotify,Monthly subscription
2025-03-22,981.51,Best Buy,TV and electronics
2024-09-17,764.01,Spotify,Monthly subscription
2024-10-08,915.19,Coursera,Online business course
2025-06-01,319.79,Coursera,Online business course
2025-02-12,566.9,Delta Airlines,Flight to business conference
2025-05-10,743.84,Apple,MacBook purchase for work
2025-03-28,268.17,Delta Airlines,Flight to business conference
2025-02-14,583.35,Netflix,Streaming subscription
2024-12-30,302.24,Walmart,Groceries and household supplies
2025-06-20,336.57,Apple,MacBook purchase for work
2024-11-26,574.09,Walmart,Groceries and household supplies
2025-07-03,504.31,Apple,MacBook purchase for work
2025-06-01,944.03,Target,Clothing and accessories
2025-01-16,264.75,Coursera,Online business course
2024-11-16,493.73,Southwest Airlines,Flight for vacation
2024-11-07,645.28,Shell,Gas for car
2025-05-07,466.22,Spotify,Monthly subscription
2025-05-05,797.03,Shell,Gas for car
2025-01-14,148.56,WeWork,Coworking space rental
2025-01-03,493.43,Amazon,Books and home items
2025-04-04,990.42,Amazon,Books and home items
2025-07-24,528.7,Delta Airlines,Flight to business conference
2024-11-23,848.23,Southwest Airlines,Flight for vacation
2025-01-25,671.53,Southwest Airlines,Flight for vacation
2025-07-25,16.32,Best Buy,TV and electronics
2024-09-08,844.12,WeWork,Coworking space rental
2024-11-30,77.29,Apple,MacBook purchase for work
2025-06-05,19.05,WeWork,Coworking space rental
2024-07-30,461.45,Amazon,Books and home items
2025-03-11,621.66,Delta Airlines,Flight to business conference
2024-11-29,934.56,Target,Clothing and accessories
2025-07-26,662.69,Spotify,Monthly subscription
2024-11-10,16.55,Delta Airlines,Flight to business conference
2025-01-23,417.23,Amazon,Books and home items
2025-03-06,534.12,Delta Airlines,Flight to business conference
2025-05-30,540.38,Staples,Office supplies
2025-03-19,26.97,Staples,Office supplies
2025-07-02,700.88,Southwest Airlines,Flight for vacation
2025-01-28,808.11,Walmart,Groceries and household supplies
2025-01-05,115.95,WeWork,Coworking space rental
2024-08-02,529.14,Uber,Ride to office
2025-01-09,200.01,Apple,MacBook purchase for work
2024-10-09,259.89,Amazon,Books and home items
2025-07-02,274.65,Coursera,Online business course
2025-05-24,88.23,Walmart,Groceries and household supplies
2025-07-12,464.41,Walmart,Groceries and household supplies
2025-02-24,990.33,Apple,MacBook purchase for work
2024-09-06,306.97,Apple,MacBook purchase for work
2024-08-11,849.39,Southwest Airlines,Flight for vacation
2025-01-15,991.76,Target,Clothing and accessories
2025-03-08,761.99,Target,Clothing and accessories
2025-01-24,411.23,Uber,Ride to office
2024-09-27,557.17,Walmart,Groceries and household supplies
2025-03-01,640.38,Delta Airlines,Flight to business conference
2025-05-29,179.67,Shell,Gas for car
2025-03-23,846.88,Spotify,Monthly subscription
2024-12-09,786.53,Target,Clothing and accessories
2025-02-17,977.56,Netflix,Streaming subscription
2024-12-19,895.84,Uber,Ride to office
2024-11-03,237.47,Delta Airlines,Flight to business conference
2025-05-21,695.36,Southwest Airlines,Flight for vacation
2025-06-20,480.75,Netflix,Streaming subscription
2025-07-05,924.92,Delta Airlines,Flight to business conference
2024-08-21,926.33,Target,Clothing and accessories
2025-07-05,567.87,Amazon,Books and home items
2025-04-20,187.56,Delta Airlines,Flight to business conference
2025-04-14,321.34,Southwest Airlines,Flight for vacation
2025-06-20,591.17,Apple,MacBook purchase for work
2024-10-12,822.48,Best Buy,TV and electronics
2025-03-31,404.31,Southwest Airlines,Flight for vacation
2024-09-09,306.28,Uber,Ride to office
2025-06-05,248.07,Netflix,Streaming subscription
2025-03-29,850.95,Southwest Airlines,Flight for vacation
2025-02-02,897.56,Target,Clothing and accessories
2025-01-09,390.01,Coursera,Online business course
2025-07-12,148.55,Shell,Gas for car
2025-07-16,726.92,Shell,Gas for car
2024-08-30,748.0,Amazon,Books and home items
2024-11-24,63.16,Coursera,Online business course
2024-12-12,239.82,Walmart,Groceries and household supplies
2025-05-24,347.19,Uber,Ride to office
2024-09-30,617.73,Best Buy,TV and electronics
2025-02-09,402.74,Netflix,Streaming subscription
2024-12-03,333.11,Best Buy,TV and electronics
2025-06-20,280.59,Target,Clothing and accessories
2025-03-13,495.7,Spotify,Monthly subscription
2024-08-21,557.51,Coursera,Online business course
2024-10-06,437.53,Walmart,Groceries and household supplies
2024-08-27,590.02,Target,Clothing and accessories
2024-08-02,94.84,Walmart,Groceries and household supplies
2025-06-26,302.43,Netflix,Streaming subscription
2024-12-01,715.98,Apple,MacBook purchase for work
2025-05-15,275.29,Uber,Ride to office
2025-06-07,714.56,Walmart,Groceries and household supplies
2024-10-31,162.73,Target,Clothing and accessories
2025-07-27,323.51,Walmart,Groceries and household supplies
2025-06-29,100.61,Uber,Ride to office
2025-06-14,450.29,Staples,Office supplies
2024-12-22,277.07,Best Buy,TV and electronics
2025-01-16,96.42,WeWork,Coworking space rental
2025-03-26,454.36,Walmart,Groceries and household supplies
2024-10-06,517.32,Amazon,Books and home items
2025-04-18,36.0,Uber,Ride to office
2025-01-15,558.68,Coursera,Online business course
2025-02-05,602.06,Netflix,Streaming subscription
2025-05-14,865.08,Coursera,Online business course
2024-10-13,298.93,Delta Airlines,Flight to business conference
2025-06-22,781.38,Walmart,Groceries and household supplies
2024-10-30,902.12,Shell,Gas for car
2025-05-14,576.24,Apple,MacBook purchase for work
2025-06-05,688.46,WeWork,Coworking space rental
2025-06-02,147.45,WeWork,Coworking space rental
2025-05-11,275.72,Staples,Office supplies
2025-04-25,72.63,WeWork,Coworking space rental
2025-04-12,283.2,Walmart,Groceries and household supplies
2025-07-14,489.39,Staples,Office supplies
2024-09-02,367.51,Uber,Ride to office
2025-07-21,723.69,Apple,MacBook purchase for work
2025-06-14,597.87,Spotify,Monthly subscription
2025-01-09,463.28,Apple,MacBook purchase for work
2024-11-16,311.61,WeWork,Coworking space rental
2025-02-28,338.9,Walmart,Groceries and household supplies
2024-08-18,386.09,Netflix,Streaming subscription
2025-07-13,336.25,Southwest Airlines,Flight for vacation
2024-12-24,436.31,Coursera,Online business course
2025-04-29,860.91,Southwest Airlines,Flight for vacation
2025-02-22,144.76,Netflix,Streaming subscription
2024-08-21,607.18,Coursera,Online business course
2024-11-03,208.84,Shell,Gas for car
2025-01-25,185.86,Coursera,Online business course
2024-11-23,969.04,Walmart,Groceries and household supplies
2025-04-03,737.53,Staples,Office supplies
2024-09-01,496.1,Target,Clothing and accessories
2024-10-12,784.15,Netflix,Streaming subscription
2025-07-10,382.29,Coursera,Online business course
2025-02-23,788.01,Southwest Airlines,Flight for vacation
2025-01-11,122.75,Coursera,Online business course
2025-03-28,207.8,Netflix,Streaming subscription
2025-03-03,188.13,Amazon,Books and home items
2025-04-07,554.6,Best Buy,TV and electronics
2024-10-15,467.01,Shell,Gas for car
2025-01-13,217.55,Shell,Gas for car
2024-10-02,298.42,Best Buy,TV and electronics
2025-07-11,78.47,Shell,Gas for car
2024-09-30,797.7,Southwest Airlines,Flight for vacation
2025-04-22,676.25,Walmart,Groceries and household supplies
2025-05-23,637.0,WeWork,Coworking space rental
2024-11-06,260.15,Apple,MacBook purchase for work
2024-08-21,718.08,WeWork,Coworking space rental
2025-06-07,383.22,Best Buy,TV and electronics
2025-03-06,990.79,Spotify,Monthly subscription
2024-10-19,586.42,Spotify,Monthly subscription
2025-06-26,511.55,Amazon,Books and home items
2025-06-11,694.79,Southwest Airlines,Flight for vacation
2025-03-05,46.4,Amazon,Books and home items
2024-12-02,704.62,Coursera,Online business course
2025-06-12,541.54,Best Buy,TV and electronics
2025-04-25,915.26,Target,Clothing and accessories
2024-09-03,771.26,Uber,Ride to office
2025-06-02,668.05,Target,Clothing and accessories
2024-09-21,650.53,WeWork,Coworking space rental
2024-10-22,567.59,Delta Airlines,Flight to business conference
2025-06-19,680.7,Target,Clothing and accessories
2025-05-07,967.14,Walmart,Groceries and household supplies
2024-12-20,966.06,Coursera,Online business course
2025-05-18,114.89,Walmart,Groceries and household supplies
2024-12-14,266.15,Uber,Ride to office
2024-08-22,749.38,Amazon,Books and home items
2025-02-26,584.71,Amazon,Books and home items
2025-07-22,228.82,Netflix,Streaming subscription
2025-05-31,397.22,Coursera,Online business course
2024-08-01,682.76,Best Buy,TV and electronics
2025-01-19,505.46,Shell,Gas for car
2025-07-18,997.73,Coursera,Online business course
2025-03-13,113.5,Spotify,Monthly subscription
2025-04-30,921.34,Walmart,Groceries and household supplies
2024-09-27,124.91,Uber,Ride to office
2025-06-03,150.26,Shell,Gas for car
2024-09-20,349.64,Staples,Office supplies
2024-10-16,214.8,Best Buy,TV and electronics
2024-09-14,354.82,Spotify,Monthly subscription
2025-01-06,443.78,Uber,Ride to office
2025-01-24,457.92,Shell,Gas for car
2024-12-30,307.26,Uber,Ride to office
2025-07-24,713.67,Best Buy,TV and electronics
2025-07-08,850.69,Delta Airlines,Flight to business conference
2024-12-11,118.27,Target,Clothing and accessories
2024-09-01,172.71,Best Buy,TV and electronics
2025-06-10,251.47,Shell,Gas for car
2024-10-17,556.39,WeWork,Coworking space rental
2025-04-06,564.25,Coursera,Online business course
2024-12-08,239.54,Spotify,Monthly subscription
2025-02-07,633.46,Walmart,Groceries and household supplies
2024-10-19,644.07,WeWork,Coworking space rental
2024-12-03,401.63,Walmart,Groceries and household supplies
2024-10-21,617.97,Shell,Gas for car
2024-12-01,455.08,Apple,MacBook purchase for work
2025-04-11,394.95,Walmart,Groceries and household supplies
2024-10-03,222.65,Shell,Gas for car
2025-03-16,754.8,Staples,Office supplies
2025-02-04,798.05,Best Buy,TV and electronics
2025-04-07,110.73,Netflix,Streaming subscription
2024-10-23,541.52,Southwest Airlines,Flight for vacation
2024-11-23,332.73,Coursera,Online business course
2024-12-26,122.82,Spotify,Monthly subscription
2025-02-16,864.01,Target,Clothing and accessories
2025-02-22,966.26,Amazon,Books and home items
2025-06-03,601.0,Coursera,Online business course
2024-11-26,398.62,Netflix,Streaming subscription
2024-10-01,354.45,Uber,Ride to office
2025-01-14,463.28,Southwest Airlines,Flight for vacation
2025-02-28,815.6,WeWork,Coworking space rental
2025-07-19,802.61,Shell,Gas for car
2025-01-11,594.27,Netflix,Streaming subscription
2025-05-04,142.61,Target,Clothing and accessories
2025-03-16,246.19,Uber,Ride to office
2025-01-09,191.21,Uber,Ride to office
2025-01-25,149.94,Shell,Gas for car
2025-06-04,424.06,Walmart,Groceries and household supplies
2024-12-29,579.06,WeWork,Coworking space rental
2024-11-09,193.9,Walmart,Groceries and household supplies
2025-01-21,542.01,Target,Clothing and accessories
2024-11-01,931.39,Target,Clothing and accessories
2025-04-10,559.36,WeWork,Coworking space rental
2025-02-25,295.95,Spotify,Monthly subscription
2025-05-26,321.43,WeWork,Coworking space rental
2024-11-11,623.22,Spotify,Monthly subscription
2025-07-02,365.45,Southwest Airlines,Flight for vacation
2024-08-10,489.76,Delta Airlines,Flight to business conference
2024-12-20,817.06,Apple,MacBook purchase for work
2024-12-21,510.38,Amazon,Books and home items
2024-10-22,415.04,Spotify,Monthly subscription
2024-09-11,421.47,Spotify,Monthly subscription
2025-01-18,449.41,Southwest Airlines,Flight for vacation
2024-09-22,91.84,WeWork,Coworking space rental
2024-10-02,797.92,Delta Airlines,Flight to business conference
2024-11-03,299.17,Apple,MacBook purchase for work
2024-10-05,232.59,Staples,Office supplies
2025-03-06,176.53,Staples,Office supplies
2024-09-30,569.99,Spotify,Monthly subscription
2024-08-22,768.26,Best Buy,TV and electronics
2025-06-20,515.7,Amazon,Books and home items
2025-04-23,123.06,Netflix,Streaming subscription
2024-10-02,547.68,Best Buy,TV and electronics
2024-09-21,546.62,Coursera,Online business course
2025-05-29,51.19,Best Buy,TV and electronics
2025-05-21,446.95,Shell,Gas for car
2025-05-06,989.88,Apple,MacBook purchase for work
2024-12-11,738.63,Uber,Ride to office
2024-09-29,753.83,Target,Clothing and accessories
2025-02-18,876.06,Staples,Office supplies
2024-12-02,455.24,Delta Airlines,Flight to business conference
2024-10-10,863.58,Coursera,Online business course
2025-05-09,444.68,Uber,Ride to office
2025-02-07,777.88,Uber,Ride to office
2025-01-27,217.78,Apple,MacBook purchase for work
2025-01-10,592.04,Shell,Gas for car
2024-10-18,862.44,Coursera,Online business course
2024-10-07,636.44,Netflix,Streaming subscription
2024-11-10,619.99,WeWork,Coworking space rental
2024-09-25,214.55,Best Buy,TV and electronics
2025-07-25,807.39,Apple,MacBook purchase for work
2025-02-21,357.31,Netflix,Streaming subscription
2024-10-04,600.89,Staples,Office supplies
2025-03-05,330.42,WeWork,Coworking space rental
2024-07-30,299.71,Shell,Gas for car
2025-02-11,274.67,Netflix,Streaming subscription
2024-09-30,519.27,Southwest Airlines,Flight for vacation
2025-07-18,817.03,Target,Clothing and accessories
2025-01-30,963.14,WeWork,Coworking space rental
2024-08-23,417.48,Best Buy,TV and electronics
2025-01-14,992.56,Delta Airlines,Flight to business conference
2024-08-02,659.34,Southwest Airlines,Flight for vacation
2025-01-06,867.42,Shell,Gas for car
2025-02-02,154.78,Apple,MacBook purchase for work
2025-05-06,830.2,Coursera,Online business course
2024-10-14,845.12,Best Buy,TV and electronics
2025-01-19,494.56,Walmart,Groceries and household supplies
2024-12-05,636.08,Netflix,Streaming subscription
2025-06-19,420.08,Target,Clothing and accessories
2024-12-15,84.76,Spotify,Monthly subscription
2024-10-31,881.32,Best Buy,TV and electronics
2025-02-28,408.82,Uber,Ride to office
2024-10-15,285.44,Shell,Gas for car
2025-04-23,460.15,Coursera,Online business course
2025-06-12,334.02,Spotify,Monthly subscription
2024-11-11,870.22,Delta Airlines,Flight to business conference
2025-07-20,735.4,Southwest Airlines,Flight for vacation
2024-11-30,972.43,Shell,Gas for car
2025-06-13,667.5,Target,Clothing and accessories
2024-08-26,851.61,Coursera,Online business course
2024-11-24,539.08,Best Buy,TV and electronics
2024-12-10,968.45,Apple,MacBook purchase for work
2025-05-14,219.73,Southwest Airlines,Flight for vacation
2024-11-11,329.64,Staples,Office supplies
2025-02-13,344.38,Staples,Office supplies
2025-07-13,139.29,Netflix,Streaming subscription
2024-08-28,490.48,Southwest Airlines,Flight for vacation
2024-10-26,895.21,Coursera,Online business course
2024-10-28,57.93,Best Buy,TV and electronics
2025-02-16,629.92,Uber,Ride to office
2025-01-07,464.99,Southwest Airlines,Flight for vacation
2024-11-04,930.14,Uber,Ride to office
2025-03-24,446.87,WeWork,Coworking space rental
2024-08-12,991.92,Delta Airlines,Flight to business conference
2025-03-19,210.3,Walmart,Groceries and household supplies
2024-09-05,910.31,Shell,Gas for car
2024-11-03,308.85,Target,Clothing and accessories
2025-03-04,933.4,Southwest Airlines,Flight for vacation
2024-09-17,102.41,Staples,Office supplies
2025-04-05,257.89,Coursera,Online business course
2025-07-18,667.86,Coursera,Online business course
2024-08-10,173.87,Target,Clothing and accessories
2024-11-20,629.35,Walmart,Groceries and household supplies
2025-05-17,702.45,Shell,Gas for car
2025-02-25,434.94,Apple,MacBook purchase for work
2025-06-22,706.66,Uber,Ride to office
2025-05-28,221.29,Delta Airlines,Flight to business conference
2025-01-18,141.37,Uber,Ride to office
2025-05-05,524.25,Apple,MacBook purchase for work
2024-11-10,19.19,Spotify,Monthly subscription
2024-11-11,350.14,Shell,Gas for car
2025-05-08,988.27,Uber,Ride to office
2024-11-17,697.09,Walmart,Groceries and household supplies
2025-04-14,80.12,Spotify,Monthly subscription
2025-04-08,98.44,Walmart,Groceries and household supplies
2024-10-13,111.4,Best Buy,TV and electronics
2025-06-28,373.89,Coursera,Online business course
2025-05-13,145.76,Staples,Office supplies
2025-06-09,815.23,Best Buy,TV and electronics
2025-07-26,141.81,Southwest Airlines,Flight for vacation
2025-07-21,151.42,Target,Clothing and accessories
2025-01-20,567.66,Amazon,Books and home items
2024-08-20,653.52,Netflix,Streaming subscription
2025-02-15,357.68,Spotify,Monthly subscription
2025-05-09,631.8,Apple,MacBook purchase for work
2025-04-14,920.7,WeWork,Coworking space rental
2025-07-28,689.7,Netflix,Streaming subscription
2025-06-13,225.07,Southwest Airlines,Flight for vacation
2025-02-01,148.61,Uber,Ride to office
2024-10-12,593.68,Uber,Ride to office
2024-08-20,358.02,Walmart,Groceries and household supplies
2025-03-21,321.36,Walmart,Groceries and household supplies
2024-08-20,255.31,WeWork,Coworking space rental
2025-07-04,93.41,Target,Clothing and accessories
2025-06-02,604.99,Amazon,Books and home items
2025-05-07,611.52,Shell,Gas for car
2025-04-08,941.87,Best Buy,TV and electronics
2025-02-15,849.41,Delta Airlines,Flight to business conference
2025-07-11,877.07,Target,Clothing and accessories
2025-01-31,522.57,Apple,MacBook purchase for work
2025-04-01,196.76,Amazon,Books and home items
2024-12-14,302.59,Walmart,Groceries and household supplies
2025-02-17,785.96,Delta Airlines,Flight to business conference
2025-05-26,955.12,Best Buy,TV and electronics
2024-12-02,392.03,Spotify,Monthly subscription
2024-09-26,504.59,Apple,MacBook purchase for work
2025-07-16,80.3,Netflix,Streaming subscription
2024-09-27,987.01,Delta Airlines,Flight to business conference
2025-07-20,140.66,Coursera,Online business course
2024-10-07,840.58,Southwest Airlines,Flight for vacation
2024-09-09,371.76,Walmart,Groceries and household supplies
2024-11-22,181.04,Target,Clothing and accessories
2024-12-25,954.91,Spotify,Monthly subscription
2025-04-12,82.26,Best Buy,TV and electronics
2024-09-16,76.86,Netflix,Streaming subscription
2024-09-09,223.59,Staples,Office supplies
2024-11-11,949.19,Delta Airlines,Flight to business conference
2025-07-21,511.54,Walmart,Groceries and household supplies
2024-11-07,715.5,Target,Clothing and accessories
2025-05-18,421.28,Best Buy,TV and electronics
2024-10-24,408.25,Shell,Gas for car
2024-09-18,541.2,Target,Clothing and accessories
2024-09-02,161.15,Netflix,Streaming subscription
2025-05-10,316.81,Uber,Ride to office
2025-01-15,921.72,Amazon,Books and home items
2025-03-12,163.82,Best Buy,TV and electronics
2024-09-05,396.82,Coursera,Online business course
2025-05-30,765.59,Target,Clothing and accessories
2025-01-10,684.25,Target,Clothing and accessories
2025-07-06,317.07,Uber,Ride to office
2024-10-30,732.66,Walmart,Groceries and household supplies
2025-07-21,246.25,Southwest Airlines,Flight for vacation
2024-10-10,95.35,Apple,MacBook purchase for work
2025-05-13,124.83,Walmart,Groceries and household supplies
2024-12-09,612.74,Netflix,Streaming subscription
2025-02-05,669.42,Staples,Office supplies
2025-02-17,743.25,Target,Clothing and accessories
2024-08-20,22.54,Uber,Ride to office
2025-03-07,704.48,WeWork,Coworking space rental
2025-07-02,501.45,WeWork,Coworking space rental
2025-05-27,527.78,Coursera,Online business course
2025-04-11,824.28,Best Buy,TV and electronics
2024-10-07,175.29,Staples,Office supplies
2025-07-20,752.28,WeWork,Coworking space rental
2025-05-22,276.08,Southwest Airlines,Flight for vacation
2025-04-24,773.72,Uber,Ride to office
2024-08-01,341.66,Delta Airlines,Flight to business conference
2025-06-24,279.26,Walmart,Groceries and household supplies
2025-02-03,270.32,Uber,Ride to office
2024-08-30,631.26,Netflix,Streaming subscription
2025-06-25,460.65,Spotify,Monthly subscription
2025-05-26,64.88,Coursera,Online business course
2025-06-12,571.22,Southwest Airlines,Flight for vacation
2024-10-20,165.74,Coursera,Online business course
2024-08-19,111.88,Best Buy,TV and electronics
2025-05-09,677.38,Netflix,Streaming subscription
2024-09-24,236.12,Uber,Ride to office
2025-06-26,12.54,Amazon,Books and home items
2025-03-12,864.3,Southwest Airlines,Flight for vacation
2025-04-09,55.52,Apple,MacBook purchase for work
2024-08-30,389.15,Coursera,Online business course
2025-02-16,187.17,WeWork,Coworking space rental
2025-07-09,45.01,Southwest Airlines,Flight for vacation
2024-08-20,914.81,Best Buy,TV and electronics
2025-02-09,659.15,Shell,Gas for car
2025-05-24,328.58,Apple,MacBook purchase for work
2024-11-10,916.7,Walmart,Groceries and household supplies
2025-04-15,278.55,Coursera,Online business course
2024-12-05,575.82,Uber,Ride to office
2025-06-18,507.02,Uber,Ride to office
2025-03-04,187.55,Delta Airlines,Flight to business conference
2024-10-18,520.62,Best Buy,TV and electronics
2025-03-13,954.54,Delta Airlines,Flight to business conference
2025-01-25,878.22,Uber,Ride to office
2024-09-14,289.48,Southwest Airlines,Flight for vacation
2025-07-14,317.59,Southwest Airlines,Flight for vacation
2025-06-06,557.56,Uber,Ride to office
2024-11-19,375.23,Delta Airlines,Flight to business conference
2024-10-18,568.17,Staples,Office supplies
2025-06-23,742.18,Staples,Office supplies
2025-05-30,469.29,Apple,MacBook purchase for work
2025-05-26,972.14,Netflix,Streaming subscription
2025-06-30,778.13,Best Buy,TV and electronics
2024-08-29,901.44,Shell,Gas for car
2024-08-19,798.01,Best Buy,TV and electronics
2025-07-17,16.31,WeWork,Coworking space rental
2024-09-15,33.67,Walmart,Groceries and household supplies
2025-07-12,352.96,Amazon,Books and home items
2025-07-18,696.53,Southwest Airlines,Flight for vacation
2024-11-02,951.48,Delta Airlines,Flight to business conference
2024-11-09,761.34,Delta Airlines,Flight to business conference
2025-06-28,850.52,Walmart,Groceries and household supplies
2025-05-08,314.44,Shell,Gas for car
2024-12-17,534.52,Apple,MacBook purchase for work
2025-06-30,425.62,Apple,MacBook purchase for work
2025-04-22,972.83,Delta Airlines,Flight to business conference
2025-01-03,714.54,WeWork,Coworking space rental
2024-12-06,53.46,Uber,Ride to office
2025-03-22,898.31,Apple,MacBook purchase for work
2025-03-29,418.93,Amazon,Books and home items
2024-08-27,463.87,Coursera,Online business course
2025-07-19,94.05,Shell,Gas for car
2025-04-02,510.37,Uber,Ride to office
2024-08-11,821.76,Target,Clothing and accessories
2024-08-28,595.98,Uber,Ride to office
2024-10-29,440.63,Delta Airlines,Flight to business conference
2024-12-08,244.4,WeWork,Coworking space rental
2025-04-04,852.4,Staples,Office supplies
2024-12-25,399.02,Best Buy,TV and electronics
2025-02-18,738.0,Southwest Airlines,Flight for vacation
2024-08-31,458.23,Coursera,Online business course
2025-07-21,83.94,Apple,MacBook purchase for work
2025-01-24,144.75,Apple,MacBook purchase for work
2024-08-17,588.86,Best Buy,TV and electronics
2025-07-27,114.6,WeWork,Coworking space rental
2024-12-07,471.39,Spotify,Monthly subscription
2024-08-25,129.53,Walmart,Groceries and household supplies
2025-06-20,964.99,Coursera,Online business course
2024-09-27,457.4,Apple,MacBook purchase for work
2024-08-01,272.36,Spotify,Monthly subscription
2025-01-16,99.52,Uber,Ride to office
2024-09-10,689.19,Best Buy,TV and electronics
2025-03-05,707.66,Southwest Airlines,Flight for vacation
2024-09-27,49.93,Netflix,Streaming subscription
2024-11-29,858.01,Southwest Airlines,Flight for vacation
2024-12-16,100.3,WeWork,Coworking space rental
2024-12-26,968.72,Apple,MacBook purchase for work
2025-02-14,518.33,Walmart,Groceries and household supplies
2025-05-23,305.85,Target,Clothing and accessories
2024-12-01,990.77,Southwest Airlines,Flight for vacation
2024-12-29,952.58,Delta Airlines,Flight to business conference
2025-07-16,457.68,Southwest Airlines,Flight for vacation
2025-01-04,554.62,Shell,Gas for car
2024-12-05,467.42,Uber,Ride to office
2025-03-12,795.87,Best Buy,TV and electronics
2025-06-10,21.84,Uber,Ride to office
2024-07-28,783.15,Southwest Airlines,Flight for vacation
2025-04-01,139.41,Apple,MacBook purchase for work
2025-06-15,406.58,Southwest Airlines,Flight for vacation
2024-09-25,633.99,Target,Clothing and accessories
2024-09-11,93.2,Target,Clothing and accessories
2025-07-19,266.23,Netflix,Streaming subscription
2024-09-27,84.24,Southwest Airlines,Flight for vacation
2025-06-19,205.77,Uber,Ride to office
2025-06-28,449.0,Target,Clothing and accessories
2024-12-15,101.06,WeWork,Coworking space rental
2025-02-16,831.06,Southwest Airlines,Flight for vacation
2024-12-14,131.3,Coursera,Online business course
2024-11-12,60.13,Spotify,Monthly subscription
2024-12-13,438.82,Netflix,Streaming subscription
2025-04-19,401.05,Shell,Gas for car
2024-11-12,388.9,Delta Airlines,Flight to business conference
2024-10-31,181.08,Walmart,Groceries and household supplies
2025-04-30,909.22,Apple,MacBook purchase for work
2025-07-17,287.06,Staples,Office supplies
2024-12-16,44.3,WeWork,Coworking space rental
2025-07-18,620.81,Netflix,Streaming subscription
2025-06-25,302.15,Target,Clothing and accessories
2025-04-11,883.95,Walmart,Groceries and household supplies
2024-11-04,70.37,Spotify,Monthly subscription
2024-12-14,389.19,Staples,Office supplies
2024-10-08,207.46,Walmart,Groceries and household supplies
2024-11-09,530.56,Best Buy,TV and electronics
2024-12-11,994.15,Target,Clothing and accessories
2024-10-16,796.9,Amazon,Books and home items
2024-12-19,784.1,Walmart,Groceries and household supplies
2025-03-30,484.89,Coursera,Online business course
2025-04-19,489.83,Best Buy,TV and electronics
2024-09-25,507.37,Netflix,Streaming subscription
2024-11-24,277.73,Walmart,Groceries and household supplies
2025-07-26,325.69,Delta Airlines,Flight to business conference
2025-07-27,39.01,Apple,MacBook purchase for work
2024-09-29,780.75,Best Buy,TV and electronics
2024-09-02,810.57,Delta Airlines,Flight to business conference
2024-10-13,534.14,Spotify,Monthly subscription
2025-06-12,588.15,Best Buy,TV and electronics
2024-08-18,974.24,Apple,MacBook purchase for work
2025-03-24,255.38,Uber,Ride to office
2025-02-08,273.86,Apple,MacBook purchase for work
2025-02-05,793.32,Southwest Airlines,Flight for vacation
2025-03-13,65.35,Shell,Gas for car
2024-12-08,579.94,Apple,MacBook purchase for work
2024-10-28,394.54,Best Buy,TV and electronics
2025-01-01,991.63,Southwest Airlines,Flight for vacation
2025-03-28,184.34,WeWork,Coworking space rental
2025-04-07,324.82,Netflix,Streaming subscription
2024-10-27,700.65,Shell,Gas for car
2025-07-07,37.92,Netflix,Streaming subscription
2025-06-19,358.17,Shell,Gas for car
2024-11-22,567.97,Netflix,Streaming subscription
2024-11-09,948.88,Netflix,Streaming subscription
2024-10-30,988.13,Southwest Airlines,Flight for vacation
2025-04-11,546.7,Spotify,Monthly subscription
2024-08-20,495.53,WeWork,Coworking space rental
2025-07-06,65.61,Uber,Ride to office
2024-10-29,226.62,Netflix,Streaming subscription
2024-08-24,483.21,Amazon,Books and home items
2024-08-12,918.72,Coursera,Online business course
2025-05-12,808.38,Apple,MacBook purchase for work
2025-06-18,719.77,Coursera,Online business course
2024-09-13,845.84,Best Buy,TV and electronics
2025-01-26,68.96,Coursera,Online business course
2024-10-08,590.74,WeWork,Coworking space rental
2025-06-30,776.62,WeWork,Coworking space rental
2025-05-16,531.03,Southwest Airlines,Flight for vacation
2024-09-03,960.95,Coursera,Online business course
2025-07-19,707.49,Coursera,Online business course
2025-05-24,401.64,Target,Clothing and accessories
2024-09-12,343.2,Uber,Ride to office
2024-08-22,145.09,Coursera,Online business course
2024-12-08,735.03,WeWork,Coworking space rental
2025-03-11,793.92,Walmart,Groceries and household supplies
2025-01-12,652.69,Spotify,Monthly subscription
2025-01-21,710.11,WeWork,Coworking space rental
2024-10-18,696.62,Amazon,Books and home items
2024-09-12,789.12,Netflix,Streaming subscription
2025-01-16,668.88,Apple,MacBook purchase for work
2024-10-26,183.6,Southwest Airlines,Flight for vacation
2025-04-08,736.66,Staples,Office supplies
2025-05-05,136.07,Staples,Office supplies
2025-04-05,11.78,Shell,Gas for car
2024-09-12,949.21,Shell,Gas for car
2025-02-16,852.25,Walmart,Groceries and household supplies
2025-01-31,965.53,Best Buy,TV and electronics
2025-02-15,190.26,Delta Airlines,Flight to business conference
2024-10-27,921.83,Coursera,Online business course
2025-07-23,228.69,Netflix,Streaming subscription
2025-01-30,113.07,Netflix,Streaming subscription
2025-07-20,149.24,Spotify,Monthly subscription
2025-04-09,87.03,Shell,Gas for car
2024-11-13,982.56,Coursera,Online business course
2025-05-20,639.82,WeWork,Coworking space rental
2024-10-16,823.45,Uber,Ride to office
2025-06-22,642.71,Target,Clothing and accessories
2024-12-29,452.16,Coursera,Online business course
2025-06-19,217.59,Staples,Office supplies
2025-01-26,77.12,Shell,Gas for car
2025-05-10,789.15,Staples,Office supplies
2024-11-09,11.27,Shell,Gas for car
2025-04-08,443.84,Walmart,Groceries and household supplies
2024-11-10,969.41,Walmart,Groceries and household supplies
2025-04-14,498.15,Walmart,Groceries and household supplies
2025-07-24,357.72,Walmart,Groceries and household supplies
2025-07-15,110.41,Walmart,Groceries and household supplies
2025-06-18,790.84,Spotify,Monthly subscription
2025-05-18,654.46,Netflix,Streaming subscription
2025-04-03,233.33,Target,Clothing and accessories
2024-11-16,82.97,Spotify,Monthly subscription
2025-02-26,43.08,Southwest Airlines,Flight for vacation
2024-09-26,325.53,Delta Airlines,Flight to business conference
2025-07-22,83.46,Uber,Ride to office
2024-08-28,889.05,WeWork,Coworking space rental
2025-05-28,734.67,WeWork,Coworking space rental
2025-07-10,942.42,Amazon,Books and home items
2024-10-16,344.57,Uber,Ride to office
2024-10-31,894.29,Netflix,Streaming subscription
2024-10-25,40.68,Shell,Gas for car
2025-03-09,173.35,Target,Clothing and accessories
2025-02-17,165.53,Walmart,Groceries and household supplies
2025-05-21,337.78,Uber,Ride to office
2024-12-11,415.19,Apple,MacBook purchase for work
2024-09-27,724.82,Amazon,Books and home items
2025-07-23,544.72,Shell,Gas for car
2025-05-06,288.71,Target,Clothing and accessories
2025-05-12,104.96,Apple,MacBook purchase for work
2025-02-15,576.05,Walmart,Groceries and household supplies
2025-01-17,496.04,Southwest Airlines,Flight for vacation
2025-04-28,367.22,Delta Airlines,Flight to business conference
2024-11-13,96.75,Walmart,Groceries and household supplies
2025-06-03,665.4,Southwest Airlines,Flight for vacation
2025-07-01,485.53,Netflix,Streaming subscription
2025-03-01,35.48,Uber,Ride to office
2025-02-05,641.81,WeWork,Coworking space rental
2025-01-28,478.83,Uber,Ride to office
2024-07-28,315.27,Uber,Ride to office
2025-01-14,476.24,Walmart,Groceries and household supplies
2025-07-25,272.35,Target,Clothing and accessories
2024-10-05,548.68,Target,Clothing and accessories
2025-05-13,377.31,WeWork,Coworking space rental
2025-05-22,375.71,Walmart,Groceries and household supplies
2025-04-03,54.17,Spotify,Monthly subscription
2025-07-10,470.41,Spotify,Monthly subscription
2024-08-05,838.71,Apple,MacBook purchase for work
2024-11-26,71.02,Netflix,Streaming subscription
2025-06-04,699.51,Best Buy,TV and electronics
2024-10-19,94.85,Uber,Ride to office
2024-12-14,810.1,Coursera,Online business course
2025-04-04,971.0,Walmart,Groceries and household supplies
2025-03-02,235.24,Netflix,Streaming subscription
2024-12-25,842.39,Delta Airlines,Flight to business conference
2024-11-19,527.36,Southwest Airlines,Flight for vacation
2025-02-09,690.2,Amazon,Books and home items
2025-02-18,576.99,Spotify,Monthly subscription
2025-05-10,481.5,Apple,MacBook purchase for work
2024-12-04,400.86,Uber,Ride to office
2024-09-16,717.16,Southwest Airlines,Flight for vacation
2025-07-10,575.51,Amazon,Books and home items
2025-05-20,802.45,Amazon,Books and home items
2025-03-26,982.93,Target,Clothing and accessories
2025-07-07,129.08,WeWork,Coworking space rental
2024-11-01,454.55,Best Buy,TV and electronics
2024-08-18,972.44,WeWork,Coworking space rental
2025-06-20,200.8,Best Buy,TV and electronics
2025-05-26,429.14,Delta Airlines,Flight to business conference
2024-08-08,441.04,Target,Clothing and accessories
2025-03-19,630.95,Southwest Airlines,Flight for vacation
2025-01-13,599.1,Southwest Airlines,Flight for vacation
2025-03-06,911.7,Coursera,Online business course
2025-04-20,76.34,Best Buy,TV and electronics
2025-02-21,560.8,Walmart,Groceries and household supplies
2025-01-24,332.87,Amazon,Books and home items
2024-12-10,524.49,Staples,Office supplies
2024-10-06,22.24,Southwest Airlines,Flight for vacation
2025-04-28,626.83,Shell,Gas for car
2025-05-06,783.87,Amazon,Books and home items
2024-09-22,420.3,Uber,Ride to office
2025-04-16,570.93,WeWork,Coworking space rental
2025-04-13,760.79,Netflix,Streaming subscription
2025-07-14,925.68,Uber,Ride to office
2025-02-26,781.75,Netflix,Streaming subscription
2024-10-22,293.23,Best Buy,TV and electronics
2025-04-04,881.33,Amazon,Books and home items
2025-07-12,271.5,Walmart,Groceries and household supplies
2024-08-12,490.73,Target,Clothing and accessories
2025-07-27,478.32,Netflix,Streaming subscription
2025-03-25,282.66,WeWork,Coworking space rental
2025-05-02,622.06,WeWork,Coworking space rental
